F1,Number of Records,pollutant,value,month,state
1,1,AQI,154.0860125,1,Andhra Pradesh
1,1,NO2,22.70228423,1,Andhra Pradesh
1,1,RSPM,84.14770371,1,Andhra Pradesh
1,1,SO2,7.634703472,1,Andhra Pradesh
1,1,SPM,164.5464296,1,Andhra Pradesh
2,1,AQI,102.5694444,1,Arunachal Pradesh
2,1,NO2,5,1,Arunachal Pradesh
2,1,RSPM,93.66666667,1,Arunachal Pradesh
2,1,SO2,2,1,Arunachal Pradesh
2,1,SPM,26.2,1,Arunachal Pradesh
3,1,AQI,149.815902,1,Assam
3,1,NO2,15.02842038,1,Assam
3,1,RSPM,110.8264987,1,Assam
3,1,SO2,6.648363369,1,Assam
3,1,SPM,149.8530299,1,Assam
4,1,AQI,182.6559892,1,Bihar
4,1,NO2,28.82560976,1,Bihar
4,1,RSPM,109.3414634,1,Bihar
4,1,SO2,8.470731707,1,Bihar
4,1,SPM,209.4466667,1,Bihar
5,1,AQI,167.3657242,1,Chandigarh
5,1,NO2,19.11310541,1,Chandigarh
5,1,RSPM,105.3578526,1,Chandigarh
5,1,SO2,6.989049145,1,Chandigarh
5,1,SPM,181.438707,1,Chandigarh
6,1,AQI,173.9258174,1,Chhattisgarh
6,1,NO2,24.3293705,1,Chhattisgarh
6,1,RSPM,116.9553091,1,Chhattisgarh
6,1,SO2,12.75218683,1,Chhattisgarh
6,1,SPM,189.6452763,1,Chhattisgarh
7,1,AQI,147.549,1,Dadra & Nagar Haveli
7,1,NO2,19.12666667,1,Dadra & Nagar Haveli
7,1,RSPM,82.33333333,1,Dadra & Nagar Haveli
7,1,SO2,9.246666667,1,Dadra & Nagar Haveli
7,1,SPM,164.5506667,1,Dadra & Nagar Haveli
8,1,AQI,157.4536,1,Daman & Diu
8,1,NO2,18.39,1,Daman & Diu
8,1,RSPM,91.78,1,Daman & Diu
8,1,SO2,8.84,1,Daman & Diu
8,1,SPM,175.0533667,1,Daman & Diu
9,1,AQI,261.0188526,1,Delhi
9,1,NO2,37.14390638,1,Delhi
9,1,RSPM,136.9384584,1,Delhi
9,1,SO2,7.075988701,1,Delhi
9,1,SPM,288.412268,1,Delhi
10,1,AQI,116.5902458,1,Goa
10,1,NO2,15.86210203,1,Goa
10,1,RSPM,75.65207135,1,Goa
10,1,SO2,8.741287879,1,Goa
10,1,SPM,92.99070292,1,Goa
11,1,AQI,158.0450321,1,Gujarat
11,1,NO2,24.18357241,1,Gujarat
11,1,RSPM,98.13475057,1,Gujarat
11,1,SO2,15.24794932,1,Gujarat
11,1,SPM,170.3674937,1,Gujarat
12,1,AQI,203.4388355,1,Haryana
12,1,NO2,22.18714822,1,Haryana
12,1,RSPM,141.2020169,1,Haryana
12,1,SO2,10.79690432,1,Haryana
12,1,SPM,223.9757036,1,Haryana
13,1,AQI,155.2457648,1,Himachal Pradesh
13,1,NO2,14.67879346,1,Himachal Pradesh
13,1,RSPM,95.65483754,1,Himachal Pradesh
13,1,SO2,4.903745765,1,Himachal Pradesh
13,1,SPM,157.0889624,1,Himachal Pradesh
14,1,AQI,169.1013069,1,Jammu & Kashmir
14,1,NO2,11.24595469,1,Jammu & Kashmir
14,1,RSPM,129.0226537,1,Jammu & Kashmir
14,1,SO2,8.09223301,1,Jammu & Kashmir
14,1,SPM,148.6040099,1,Jammu & Kashmir
15,1,AQI,185.6868428,1,Jharkhand
15,1,NO2,38.41295732,1,Jharkhand
15,1,RSPM,162.8357114,1,Jharkhand
15,1,SO2,16.54914634,1,Jharkhand
15,1,SPM,180.267185,1,Jharkhand
16,1,AQI,135.3519056,1,Karnataka
16,1,NO2,23.17685757,1,Karnataka
16,1,RSPM,76.43923311,1,Karnataka
16,1,SO2,9.71669958,1,Karnataka
16,1,SPM,136.7007097,1,Karnataka
17,1,AQI,105.1288988,1,Kerala
17,1,NO2,15.22995829,1,Kerala
17,1,RSPM,56.34073935,1,Kerala
17,1,SO2,5.653650702,1,Kerala
17,1,SPM,107.4578011,1,Kerala
18,1,AQI,159.9186345,1,Madhya Pradesh
18,1,NO2,18.30662289,1,Madhya Pradesh
18,1,RSPM,102.6036343,1,Madhya Pradesh
18,1,SO2,9.952837224,1,Madhya Pradesh
18,1,SPM,173.8394063,1,Madhya Pradesh
19,1,AQI,158.9934951,1,Maharashtra
19,1,NO2,27.56143397,1,Maharashtra
19,1,RSPM,102.1237218,1,Maharashtra
19,1,SO2,13.01305497,1,Maharashtra
19,1,SPM,163.0948153,1,Maharashtra
20,1,AQI,133.4444445,1,Manipur
20,1,NO2,19.86666667,1,Manipur
20,1,RSPM,69.16666667,1,Manipur
20,1,SO2,9.516666667,1,Manipur
20,1,SPM,150.1666667,1,Manipur
21,1,AQI,110.3776898,1,Meghalaya
21,1,NO2,12.14353476,1,Meghalaya
21,1,RSPM,72.27894737,1,Meghalaya
21,1,SO2,4.857374919,1,Meghalaya
21,1,SPM,102.427258,1,Meghalaya
22,1,AQI,84.36164858,1,Mizoram
22,1,NO2,9.482183908,1,Mizoram
22,1,RSPM,43.77692635,1,Mizoram
22,1,SO2,4.504821201,1,Mizoram
22,1,SPM,89.09259791,1,Mizoram
23,1,AQI,140.2718011,1,Nagaland
23,1,NO2,10.06112469,1,Nagaland
23,1,RSPM,105.0366748,1,Nagaland
23,1,SO2,4.989608802,1,Nagaland
23,1,SPM,135.0120416,1,Nagaland
24,1,AQI,153.9041047,1,Odisha
24,1,NO2,17.39037758,1,Odisha
24,1,RSPM,97.14764897,1,Odisha
24,1,SO2,5.940207965,1,Odisha
24,1,SPM,162.7441416,1,Odisha
25,1,AQI,87.62753308,1,Puducherry
25,1,NO2,13.68715715,1,Puducherry
25,1,RSPM,54.0571152,1,Puducherry
25,1,SO2,8.968038077,1,Puducherry
25,1,SPM,90.38806873,1,Puducherry
26,1,AQI,176.5141272,1,Punjab
26,1,NO2,27.44494897,1,Punjab
26,1,RSPM,157.8224562,1,Punjab
26,1,SO2,10.32657279,1,Punjab
26,1,SPM,168.260566,1,Punjab
27,1,AQI,215.9448767,1,Rajasthan
27,1,NO2,28.62050857,1,Rajasthan
27,1,RSPM,125.5972855,1,Rajasthan
27,1,SO2,7.041673069,1,Rajasthan
27,1,SPM,230.8029392,1,Rajasthan
28,1,AQI,117.8276962,1,Tamil Nadu
28,1,NO2,21.63853612,1,Tamil Nadu
28,1,RSPM,69.1092914,1,Tamil Nadu
28,1,SO2,10.13040163,1,Tamil Nadu
28,1,SPM,122.6934217,1,Tamil Nadu
29,1,AQI,95.53626543,1,Telengana
29,1,NO2,20.7462963,1,Telengana
29,1,RSPM,89.05555556,1,Telengana
29,1,SO2,4.992703704,1,Telengana
29,1,SPM,26.2,1,Telengana
30,1,AQI,247.8931472,1,Uttar Pradesh
30,1,NO2,27.44564502,1,Uttar Pradesh
30,1,RSPM,164.7360904,1,Uttar Pradesh
30,1,SO2,10.91151557,1,Uttar Pradesh
30,1,SPM,249.7743032,1,Uttar Pradesh
31,1,AQI,169.0256027,1,Uttarakhand
31,1,NO2,25.69011564,1,Uttarakhand
31,1,RSPM,149.2785242,1,Uttarakhand
31,1,SO2,15.10192731,1,Uttarakhand
31,1,SPM,143.8697871,1,Uttarakhand
32,1,AQI,156.7573225,1,West Bengal
32,1,NO2,42.95353075,1,West Bengal
32,1,RSPM,107.0654708,1,West Bengal
32,1,SO2,8.080381549,1,West Bengal
32,1,SPM,162.5404945,1,West Bengal
33,1,AQI,161.8306224,2,Andhra Pradesh
33,1,NO2,21.21993127,2,Andhra Pradesh
33,1,RSPM,82.68101056,2,Andhra Pradesh
33,1,SO2,5.914980272,2,Andhra Pradesh
33,1,SPM,177.5970165,2,Andhra Pradesh
34,1,AQI,109.625,2,Arunachal Pradesh
34,1,NO2,5,2,Arunachal Pradesh
34,1,RSPM,111.625,2,Arunachal Pradesh
34,1,SO2,2,2,Arunachal Pradesh
34,1,SPM,26.2,2,Arunachal Pradesh
35,1,AQI,144.0444214,2,Assam
35,1,NO2,15.23498816,2,Assam
35,1,RSPM,114.3502459,2,Assam
35,1,SO2,6.833904172,2,Assam
35,1,SPM,139.1989724,2,Assam
36,1,AQI,191.0418975,2,Bihar
36,1,NO2,30.68591549,2,Bihar
36,1,RSPM,122.5633803,2,Bihar
36,1,SO2,8.4,2,Bihar
36,1,SPM,216.328216,2,Bihar
37,1,AQI,160.9614275,2,Chandigarh
37,1,NO2,17.82971802,2,Chandigarh
37,1,RSPM,98.04967016,2,Chandigarh
37,1,SO2,6.607877377,2,Chandigarh
37,1,SPM,174.2468083,2,Chandigarh
38,1,AQI,173.9022842,2,Chhattisgarh
38,1,NO2,23.80784591,2,Chhattisgarh
38,1,RSPM,116.2165255,2,Chhattisgarh
38,1,SO2,12.76821971,2,Chhattisgarh
38,1,SPM,190.4537769,2,Chhattisgarh
39,1,AQI,154.8743056,2,Dadra & Nagar Haveli
39,1,NO2,18.21304348,2,Dadra & Nagar Haveli
39,1,RSPM,85.30369565,2,Dadra & Nagar Haveli
39,1,SO2,8.626086957,2,Dadra & Nagar Haveli
39,1,SPM,169.8865217,2,Dadra & Nagar Haveli
40,1,AQI,147.2534167,2,Daman & Diu
40,1,NO2,18.3975,2,Daman & Diu
40,1,RSPM,78.4,2,Daman & Diu
40,1,SO2,8.475,2,Daman & Diu
40,1,SPM,163.3463333,2,Daman & Diu
41,1,AQI,234.6637255,2,Delhi
41,1,NO2,35.49654213,2,Delhi
41,1,RSPM,121.8604928,2,Delhi
41,1,SO2,7.182154213,2,Delhi
41,1,SPM,262.7689587,2,Delhi
42,1,AQI,109.1033197,2,Goa
42,1,NO2,15.28114334,2,Goa
42,1,RSPM,76.81021047,2,Goa
42,1,SO2,8.142017444,2,Goa
42,1,SPM,83.33436427,2,Goa
43,1,AQI,157.5402904,2,Gujarat
43,1,NO2,24.20994927,2,Gujarat
43,1,RSPM,98.27324809,2,Gujarat
43,1,SO2,15.40213105,2,Gujarat
43,1,SPM,167.9971415,2,Gujarat
44,1,AQI,191.0260344,2,Haryana
44,1,NO2,20.93540183,2,Haryana
44,1,RSPM,132.0260936,2,Haryana
44,1,SO2,10.57121058,2,Haryana
44,1,SPM,215.1587702,2,Haryana
45,1,AQI,147.2388189,2,Himachal Pradesh
45,1,NO2,14.54113598,2,Himachal Pradesh
45,1,RSPM,92.64420791,2,Himachal Pradesh
45,1,SO2,4.754517308,2,Himachal Pradesh
45,1,SPM,147.8007667,2,Himachal Pradesh
46,1,AQI,143.3555785,2,Jammu & Kashmir
46,1,NO2,11.87788779,2,Jammu & Kashmir
46,1,RSPM,127.3531353,2,Jammu & Kashmir
46,1,SO2,8.582508251,2,Jammu & Kashmir
46,1,SPM,116.7728658,2,Jammu & Kashmir
47,1,AQI,181.7471187,2,Jharkhand
47,1,NO2,39.03533718,2,Jharkhand
47,1,RSPM,166.4497782,2,Jharkhand
47,1,SO2,17.13629104,2,Jharkhand
47,1,SPM,177.78706,2,Jharkhand
48,1,AQI,133.6725105,2,Karnataka
48,1,NO2,24.21912342,2,Karnataka
48,1,RSPM,76.05552406,2,Karnataka
48,1,SO2,10.3920628,2,Karnataka
48,1,SPM,136.8916648,2,Karnataka
49,1,AQI,95.93114949,2,Kerala
49,1,NO2,15.17384581,2,Kerala
49,1,RSPM,55.16639932,2,Kerala
49,1,SO2,5.462354771,2,Kerala
49,1,SPM,96.90726015,2,Kerala
50,1,AQI,160.9432856,2,Madhya Pradesh
50,1,NO2,17.98989335,2,Madhya Pradesh
50,1,RSPM,104.0039245,2,Madhya Pradesh
50,1,SO2,9.990757576,2,Madhya Pradesh
50,1,SPM,174.4102406,2,Madhya Pradesh
51,1,AQI,157.6341371,2,Maharashtra
51,1,NO2,27.34077171,2,Maharashtra
51,1,RSPM,101.1222676,2,Maharashtra
51,1,SO2,12.75063747,2,Maharashtra
51,1,SPM,159.8942861,2,Maharashtra
52,1,AQI,80.22916668,2,Manipur
52,1,NO2,18.025,2,Manipur
52,1,RSPM,51.25,2,Manipur
52,1,SO2,14.3,2,Manipur
52,1,SPM,101.25,2,Manipur
53,1,AQI,110.9811991,2,Meghalaya
53,1,NO2,11.82620656,2,Meghalaya
53,1,RSPM,69.32245817,2,Meghalaya
53,1,SO2,5.068854569,2,Meghalaya
53,1,SPM,104.4070383,2,Meghalaya
54,1,AQI,83.90653754,2,Mizoram
54,1,NO2,8.88978575,2,Mizoram
54,1,RSPM,47.48555057,2,Mizoram
54,1,SO2,3.841604385,2,Mizoram
54,1,SPM,80.27808296,2,Mizoram
55,1,AQI,135.7452941,2,Nagaland
55,1,NO2,9.509803922,2,Nagaland
55,1,RSPM,94.94901961,2,Nagaland
55,1,SO2,4.447712418,2,Nagaland
55,1,SPM,135.3569281,2,Nagaland
56,1,AQI,145.3480325,2,Odisha
56,1,NO2,16.94734064,2,Odisha
56,1,RSPM,91.36106892,2,Odisha
56,1,SO2,5.889040387,2,Odisha
56,1,SPM,151.7175124,2,Odisha
57,1,AQI,78.1610378,2,Puducherry
57,1,NO2,13.26383187,2,Puducherry
57,1,RSPM,52.32779407,2,Puducherry
57,1,SO2,9.119639948,2,Puducherry
57,1,SPM,81.19935647,2,Puducherry
58,1,AQI,177.2733587,2,Punjab
58,1,NO2,26.97510854,2,Punjab
58,1,RSPM,152.897371,2,Punjab
58,1,SO2,10.1435767,2,Punjab
58,1,SPM,168.6573456,2,Punjab
59,1,AQI,213.6804388,2,Rajasthan
59,1,NO2,27.92487063,2,Rajasthan
59,1,RSPM,117.8762875,2,Rajasthan
59,1,SO2,6.979970269,2,Rajasthan
59,1,SPM,228.9245472,2,Rajasthan
60,1,AQI,117.19702,2,Tamil Nadu
60,1,NO2,21.20152252,2,Tamil Nadu
60,1,RSPM,68.43596829,2,Tamil Nadu
60,1,SO2,9.801008385,2,Tamil Nadu
60,1,SPM,120.7176949,2,Tamil Nadu
61,1,AQI,96.84407217,2,Telengana
61,1,NO2,20.31065292,2,Telengana
61,1,RSPM,88.43298969,2,Telengana
61,1,SO2,5.019106529,2,Telengana
61,1,SPM,26.2,2,Telengana
62,1,AQI,245.7031957,2,Uttar Pradesh
62,1,NO2,26.73271446,2,Uttar Pradesh
62,1,RSPM,160.2641612,2,Uttar Pradesh
62,1,SO2,10.9335141,2,Uttar Pradesh
62,1,SPM,246.5999933,2,Uttar Pradesh
63,1,AQI,169.6128744,2,Uttarakhand
63,1,NO2,22.86027725,2,Uttarakhand
63,1,RSPM,139.0382728,2,Uttarakhand
63,1,SO2,17.23308636,2,Uttarakhand
63,1,SPM,145.3709688,2,Uttarakhand
64,1,AQI,145.7961651,2,West Bengal
64,1,NO2,43.47994173,2,West Bengal
64,1,RSPM,94.12638578,2,West Bengal
64,1,SO2,7.940923353,2,West Bengal
64,1,SPM,148.8495368,2,West Bengal
65,1,AQI,150.2311138,3,Andhra Pradesh
65,1,NO2,20.83639644,3,Andhra Pradesh
65,1,RSPM,82.31863795,3,Andhra Pradesh
65,1,SO2,5.957522456,3,Andhra Pradesh
65,1,SPM,150.5966245,3,Andhra Pradesh
66,1,AQI,151.4381802,3,Assam
66,1,NO2,15.650169,3,Assam
66,1,RSPM,115.7992113,3,Assam
66,1,SO2,7.057749879,3,Assam
66,1,SPM,148.9696188,3,Assam
67,1,AQI,188.3333926,3,Bihar
67,1,NO2,27.97466667,3,Bihar
67,1,RSPM,114.28,3,Bihar
67,1,SO2,8.630666667,3,Bihar
67,1,SPM,215.0318,3,Bihar
68,1,AQI,160.6993692,3,Chandigarh
68,1,NO2,17.34418605,3,Chandigarh
68,1,RSPM,94.72229822,3,Chandigarh
68,1,SO2,6.920365937,3,Chandigarh
68,1,SPM,176.5037335,3,Chandigarh
69,1,AQI,171.8834826,3,Chhattisgarh
69,1,NO2,23.99953737,3,Chhattisgarh
69,1,RSPM,118.227503,3,Chhattisgarh
69,1,SO2,12.8029656,3,Chhattisgarh
69,1,SPM,186.8055635,3,Chhattisgarh
70,1,AQI,164.4771158,3,Dadra & Nagar Haveli
70,1,NO2,18.17659574,3,Dadra & Nagar Haveli
70,1,RSPM,91.08510638,3,Dadra & Nagar Haveli
70,1,SO2,9.138297872,3,Dadra & Nagar Haveli
70,1,SPM,184.7143972,3,Dadra & Nagar Haveli
71,1,AQI,172.3411364,3,Daman & Diu
71,1,NO2,18.59772727,3,Daman & Diu
71,1,RSPM,74.61363636,3,Daman & Diu
71,1,SO2,8.272727273,3,Daman & Diu
71,1,SPM,196.7357197,3,Daman & Diu
72,1,AQI,244.0391394,3,Delhi
72,1,NO2,37.15924837,3,Delhi
72,1,RSPM,124.5252288,3,Delhi
72,1,SO2,7.322777778,3,Delhi
72,1,SPM,271.9293627,3,Delhi
73,1,AQI,101.060444,3,Goa
73,1,NO2,14.46118038,3,Goa
73,1,RSPM,73.70349127,3,Goa
73,1,SO2,7.536849543,3,Goa
73,1,SPM,77.30182461,3,Goa
74,1,AQI,161.5460077,3,Gujarat
74,1,NO2,24.14784397,3,Gujarat
74,1,RSPM,100.7119048,3,Gujarat
74,1,SO2,15.2197201,3,Gujarat
74,1,SPM,171.6480779,3,Gujarat
75,1,AQI,193.4498115,3,Haryana
75,1,NO2,20.99081633,3,Haryana
75,1,RSPM,126.0853571,3,Haryana
75,1,SO2,9.901020408,3,Haryana
75,1,SPM,214.9769133,3,Haryana
76,1,AQI,151.2550924,3,Himachal Pradesh
76,1,NO2,14.24406439,3,Himachal Pradesh
76,1,RSPM,92.59171971,3,Himachal Pradesh
76,1,SO2,5.031496472,3,Himachal Pradesh
76,1,SPM,153.6523444,3,Himachal Pradesh
77,1,AQI,146.3407556,3,Jammu & Kashmir
77,1,NO2,12.44151376,3,Jammu & Kashmir
77,1,RSPM,127.2752294,3,Jammu & Kashmir
77,1,SO2,9.298165138,3,Jammu & Kashmir
77,1,SPM,124.9163832,3,Jammu & Kashmir
78,1,AQI,173.5530792,3,Jharkhand
78,1,NO2,37.53646487,3,Jharkhand
78,1,RSPM,170.4557848,3,Jharkhand
78,1,SO2,16.43507474,3,Jharkhand
78,1,SPM,163.7513236,3,Jharkhand
79,1,AQI,132.5797175,3,Karnataka
79,1,NO2,23.05380307,3,Karnataka
79,1,RSPM,76.37752227,3,Karnataka
79,1,SO2,10.19600039,3,Karnataka
79,1,SPM,134.9257616,3,Karnataka
80,1,AQI,97.42799117,3,Kerala
80,1,NO2,14.8209163,3,Kerala
80,1,RSPM,52.48279801,3,Kerala
80,1,SO2,5.373017729,3,Kerala
80,1,SPM,99.42654853,3,Kerala
81,1,AQI,163.6138597,3,Madhya Pradesh
81,1,NO2,18.54353346,3,Madhya Pradesh
81,1,RSPM,104.2035803,3,Madhya Pradesh
81,1,SO2,10.26970473,3,Madhya Pradesh
81,1,SPM,174.8739068,3,Madhya Pradesh
82,1,AQI,156.7000763,3,Maharashtra
82,1,NO2,27.19270556,3,Maharashtra
82,1,RSPM,98.55967648,3,Maharashtra
82,1,SO2,12.8316182,3,Maharashtra
82,1,SPM,160.3003641,3,Maharashtra
83,1,AQI,140.9333333,3,Manipur
83,1,NO2,19.58,3,Manipur
83,1,RSPM,85.6,3,Manipur
83,1,SO2,7.52,3,Manipur
83,1,SPM,161.4,3,Manipur
84,1,AQI,101.2845991,3,Meghalaya
84,1,NO2,12.77894228,3,Meghalaya
84,1,RSPM,66.13590169,3,Meghalaya
84,1,SO2,4.964443524,3,Meghalaya
84,1,SPM,90.75044877,3,Meghalaya
85,1,AQI,87.14288496,3,Mizoram
85,1,NO2,9.48903537,3,Mizoram
85,1,RSPM,52.16827438,3,Mizoram
85,1,SO2,3.779764202,3,Mizoram
85,1,SPM,82.60275456,3,Mizoram
86,1,AQI,130.3967161,3,Nagaland
86,1,NO2,11.3220339,3,Nagaland
86,1,RSPM,93.21927966,3,Nagaland
86,1,SO2,5.045550847,3,Nagaland
86,1,SPM,125.6205508,3,Nagaland
87,1,AQI,143.724863,3,Odisha
87,1,NO2,16.53456537,3,Odisha
87,1,RSPM,86.99030308,3,Odisha
87,1,SO2,5.893366727,3,Odisha
87,1,SPM,152.1594971,3,Odisha
88,1,AQI,87.93206917,3,Puducherry
88,1,NO2,13.69657076,3,Puducherry
88,1,RSPM,53.49752979,3,Puducherry
88,1,SO2,9.260215054,3,Puducherry
88,1,SPM,90.88121186,3,Puducherry
89,1,AQI,175.4574155,3,Punjab
89,1,NO2,27.65919111,3,Punjab
89,1,RSPM,155.0874607,3,Punjab
89,1,SO2,10.37983019,3,Punjab
89,1,SPM,165.6070958,3,Punjab
90,1,AQI,218.4379674,3,Rajasthan
90,1,NO2,27.34724324,3,Rajasthan
90,1,RSPM,119.3531039,3,Rajasthan
90,1,SO2,6.813285507,3,Rajasthan
90,1,SPM,234.6278019,3,Rajasthan
91,1,AQI,113.3309497,3,Tamil Nadu
91,1,NO2,21.52245528,3,Tamil Nadu
91,1,RSPM,67.46242454,3,Tamil Nadu
91,1,SO2,10.13161932,3,Tamil Nadu
91,1,SPM,115.7594963,3,Tamil Nadu
92,1,AQI,94.85736932,3,Telengana
92,1,NO2,21.16709512,3,Telengana
92,1,RSPM,88.78663239,3,Telengana
92,1,SO2,5.10907455,3,Telengana
92,1,SPM,26.2,3,Telengana
93,1,AQI,243.2744133,3,Uttar Pradesh
93,1,NO2,26.46563732,3,Uttar Pradesh
93,1,RSPM,160.0227612,3,Uttar Pradesh
93,1,SO2,10.63238297,3,Uttar Pradesh
93,1,SPM,244.0401158,3,Uttar Pradesh
94,1,AQI,169.88004,3,Uttarakhand
94,1,NO2,23.078318,3,Uttarakhand
94,1,RSPM,132.8611914,3,Uttarakhand
94,1,SO2,16.51171704,3,Uttarakhand
94,1,SPM,146.2380201,3,Uttarakhand
95,1,AQI,145.4527976,3,West Bengal
95,1,NO2,42.56390988,3,West Bengal
95,1,RSPM,88.70725348,3,West Bengal
95,1,SO2,7.638664987,3,West Bengal
95,1,SPM,143.9704427,3,West Bengal
96,1,AQI,152.1366507,4,Andhra Pradesh
96,1,NO2,21.58240557,4,Andhra Pradesh
96,1,RSPM,78.85708132,4,Andhra Pradesh
96,1,SO2,6.998816624,4,Andhra Pradesh
96,1,SPM,164.3620783,4,Andhra Pradesh
97,1,AQI,88.30208333,4,Arunachal Pradesh
97,1,NO2,5,4,Arunachal Pradesh
97,1,RSPM,79.625,4,Arunachal Pradesh
97,1,SO2,2,4,Arunachal Pradesh
97,1,SPM,26.2,4,Arunachal Pradesh
98,1,AQI,135.9314973,4,Assam
98,1,NO2,14.70051128,4,Assam
98,1,RSPM,87.59846615,4,Assam
98,1,SO2,6.516889986,4,Assam
98,1,SPM,132.0317031,4,Assam
99,1,AQI,207.0658699,4,Bihar
99,1,NO2,29.29605263,4,Bihar
99,1,RSPM,111,4,Bihar
99,1,SO2,7.219736842,4,Bihar
99,1,SPM,235.7904825,4,Bihar
100,1,AQI,176.104247,4,Chandigarh
100,1,NO2,17.57963948,4,Chandigarh
100,1,RSPM,97.9322695,4,Chandigarh
100,1,SO2,6.84464539,4,Chandigarh
100,1,SPM,191.1170183,4,Chandigarh
101,1,AQI,174.4164513,4,Chhattisgarh
101,1,NO2,24.32368523,4,Chhattisgarh
101,1,RSPM,117.1736401,4,Chhattisgarh
101,1,SO2,12.91177494,4,Chhattisgarh
101,1,SPM,189.2698671,4,Chhattisgarh
102,1,AQI,203.0823109,4,Dadra & Nagar Haveli
102,1,NO2,17.75531915,4,Dadra & Nagar Haveli
102,1,RSPM,83.10638298,4,Dadra & Nagar Haveli
102,1,SO2,8.646808511,4,Dadra & Nagar Haveli
102,1,SPM,227.6985816,4,Dadra & Nagar Haveli
103,1,AQI,161.5279745,4,Daman & Diu
103,1,NO2,17.86875,4,Daman & Diu
103,1,RSPM,86.62416667,4,Daman & Diu
103,1,SO2,8.477083333,4,Daman & Diu
103,1,SPM,176.2240972,4,Daman & Diu
104,1,AQI,254.487145,4,Delhi
104,1,NO2,37.77022422,4,Delhi
104,1,RSPM,129.3798206,4,Delhi
104,1,SO2,7.142286996,4,Delhi
104,1,SPM,276.6636771,4,Delhi
105,1,AQI,104.1769552,4,Goa
105,1,NO2,13.9082403,4,Goa
105,1,RSPM,64.58748006,4,Goa
105,1,SO2,7.264805954,4,Goa
105,1,SPM,81.43345295,4,Goa
106,1,AQI,165.6135993,4,Gujarat
106,1,NO2,23.91960014,4,Gujarat
106,1,RSPM,102.3372034,4,Gujarat
106,1,SO2,15.35030892,4,Gujarat
106,1,SPM,179.5294885,4,Gujarat
107,1,AQI,197.6420069,4,Haryana
107,1,NO2,20.841,4,Haryana
107,1,RSPM,142.36695,4,Haryana
107,1,SO2,11.1535,4,Haryana
107,1,SPM,207.6150602,4,Haryana
108,1,AQI,153.8364576,4,Himachal Pradesh
108,1,NO2,14.86307862,4,Himachal Pradesh
108,1,RSPM,93.34456579,4,Himachal Pradesh
108,1,SO2,4.949290946,4,Himachal Pradesh
108,1,SPM,154.1463068,4,Himachal Pradesh
109,1,AQI,143.03576,4,Jammu & Kashmir
109,1,NO2,11.11862245,4,Jammu & Kashmir
109,1,RSPM,110.6760204,4,Jammu & Kashmir
109,1,SO2,7.970663265,4,Jammu & Kashmir
109,1,SPM,122.9160071,4,Jammu & Kashmir
110,1,AQI,176.333247,4,Jharkhand
110,1,NO2,38.22612439,4,Jharkhand
110,1,RSPM,162.09658,4,Jharkhand
110,1,SO2,16.19517217,4,Jharkhand
110,1,SPM,170.0275006,4,Jharkhand
111,1,AQI,126.4848386,4,Karnataka
111,1,NO2,22.71059303,4,Karnataka
111,1,RSPM,72.11311361,4,Karnataka
111,1,SO2,9.791633598,4,Karnataka
111,1,SPM,127.064181,4,Karnataka
112,1,AQI,93.53787864,4,Kerala
112,1,NO2,14.65951239,4,Kerala
112,1,RSPM,51.15958293,4,Kerala
112,1,SO2,5.495239206,4,Kerala
112,1,SPM,95.16340943,4,Kerala
113,1,AQI,165.5815735,4,Madhya Pradesh
113,1,NO2,18.36450678,4,Madhya Pradesh
113,1,RSPM,105.429698,4,Madhya Pradesh
113,1,SO2,10.15318924,4,Madhya Pradesh
113,1,SPM,175.9127612,4,Madhya Pradesh
114,1,AQI,151.6744017,4,Maharashtra
114,1,NO2,27.03169002,4,Maharashtra
114,1,RSPM,93.12236107,4,Maharashtra
114,1,SO2,12.71981103,4,Maharashtra
114,1,SPM,153.5765195,4,Maharashtra
115,1,AQI,191.2833333,4,Manipur
115,1,NO2,18.8,4,Manipur
115,1,RSPM,67.8,4,Manipur
115,1,SO2,10.66,4,Manipur
115,1,SPM,211,4,Manipur
116,1,AQI,97.94619755,4,Meghalaya
116,1,NO2,10.94334638,4,Meghalaya
116,1,RSPM,62.42302675,4,Meghalaya
116,1,SO2,4.979941292,4,Meghalaya
116,1,SPM,89.61203523,4,Meghalaya
117,1,AQI,81.00063721,4,Mizoram
117,1,NO2,9.054860031,4,Mizoram
117,1,RSPM,48.03810264,4,Mizoram
117,1,SO2,3.958709176,4,Mizoram
117,1,SPM,76.51565578,4,Mizoram
118,1,AQI,117.2662648,4,Nagaland
118,1,NO2,10.40585534,4,Nagaland
118,1,RSPM,75.66360505,4,Nagaland
118,1,SO2,5.447187141,4,Nagaland
118,1,SPM,115.8811711,4,Nagaland
119,1,AQI,133.6073637,4,Odisha
119,1,NO2,16.42809547,4,Odisha
119,1,RSPM,79.0945439,4,Odisha
119,1,SO2,5.726042875,4,Odisha
119,1,SPM,140.0758053,4,Odisha
120,1,AQI,80.60776427,4,Puducherry
120,1,NO2,13.46704085,4,Puducherry
120,1,RSPM,50.8902401,4,Puducherry
120,1,SO2,8.614164328,4,Puducherry
120,1,SPM,84.22606798,4,Puducherry
121,1,AQI,180.1656705,4,Punjab
121,1,NO2,27.37585672,4,Punjab
121,1,RSPM,152.4905267,4,Punjab
121,1,SO2,10.31840643,4,Punjab
121,1,SPM,171.5992235,4,Punjab
122,1,AQI,228.9680788,4,Rajasthan
122,1,NO2,27.24532006,4,Rajasthan
122,1,RSPM,125.3249679,4,Rajasthan
122,1,SO2,6.803274603,4,Rajasthan
122,1,SPM,241.6495472,4,Rajasthan
123,1,AQI,111.1456476,4,Tamil Nadu
123,1,NO2,21.27527674,4,Tamil Nadu
123,1,RSPM,64.00593145,4,Tamil Nadu
123,1,SO2,10.22411058,4,Tamil Nadu
123,1,SPM,113.0056961,4,Tamil Nadu
124,1,AQI,90.76094827,4,Telengana
124,1,NO2,22.16517241,4,Telengana
124,1,RSPM,82.81034483,4,Telengana
124,1,SO2,5.15937931,4,Telengana
124,1,SPM,26.2,4,Telengana
125,1,AQI,250.448066,4,Uttar Pradesh
125,1,NO2,26.31176104,4,Uttar Pradesh
125,1,RSPM,159.8269955,4,Uttar Pradesh
125,1,SO2,10.45782929,4,Uttar Pradesh
125,1,SPM,249.8161536,4,Uttar Pradesh
126,1,AQI,153.7630297,4,Uttarakhand
126,1,NO2,23.14001539,4,Uttarakhand
126,1,RSPM,141.977758,4,Uttarakhand
126,1,SO2,16.228634,4,Uttarakhand
126,1,SPM,112.7166785,4,Uttarakhand
127,1,AQI,133.0232295,4,West Bengal
127,1,NO2,41.02370781,4,West Bengal
127,1,RSPM,67.97822169,4,West Bengal
127,1,SO2,7.126094409,4,West Bengal
127,1,SPM,138.0126934,4,West Bengal
128,1,AQI,158.2771904,5,Andhra Pradesh
128,1,NO2,21.1177659,5,Andhra Pradesh
128,1,RSPM,81.68186913,5,Andhra Pradesh
128,1,SO2,5.841110532,5,Andhra Pradesh
128,1,SPM,169.2124531,5,Andhra Pradesh
129,1,AQI,74.38666667,5,Arunachal Pradesh
129,1,NO2,16.6,5,Arunachal Pradesh
129,1,RSPM,59.3,5,Arunachal Pradesh
129,1,SO2,7,5,Arunachal Pradesh
129,1,SPM,26.2,5,Arunachal Pradesh
130,1,AQI,125.6271477,5,Assam
130,1,NO2,14.50607081,5,Assam
130,1,RSPM,82.89385869,5,Assam
130,1,SO2,6.487231709,5,Assam
130,1,SPM,120.9646931,5,Assam
131,1,AQI,192.7252418,5,Bihar
131,1,NO2,24.91882353,5,Bihar
131,1,RSPM,118.9411765,5,Bihar
131,1,SO2,9.142352941,5,Bihar
131,1,SPM,222.0933137,5,Bihar
132,1,AQI,183.5354433,5,Chandigarh
132,1,NO2,17.23873263,5,Chandigarh
132,1,RSPM,108.6862081,5,Chandigarh
132,1,SO2,6.740986106,5,Chandigarh
132,1,SPM,198.9199057,5,Chandigarh
133,1,AQI,172.5470339,5,Chhattisgarh
133,1,NO2,24.01624517,5,Chhattisgarh
133,1,RSPM,114.5302248,5,Chhattisgarh
133,1,SO2,12.72277251,5,Chhattisgarh
133,1,SPM,187.3385927,5,Chhattisgarh
134,1,AQI,175.1084127,5,Dadra & Nagar Haveli
134,1,NO2,17.8244898,5,Dadra & Nagar Haveli
134,1,RSPM,84.74836735,5,Dadra & Nagar Haveli
134,1,SO2,8.504081633,5,Dadra & Nagar Haveli
134,1,SPM,193.9270748,5,Dadra & Nagar Haveli
135,1,AQI,181.5794321,5,Daman & Diu
135,1,NO2,19.57777778,5,Daman & Diu
135,1,RSPM,87.08888889,5,Daman & Diu
135,1,SO2,8.173333333,5,Daman & Diu
135,1,SPM,192.2321111,5,Daman & Diu
136,1,AQI,263.9264755,5,Delhi
136,1,NO2,37.77875354,5,Delhi
136,1,RSPM,125.1370042,5,Delhi
136,1,SO2,7.070113314,5,Delhi
136,1,SPM,286.0872875,5,Delhi
137,1,AQI,95.21141221,5,Goa
137,1,NO2,14.15576568,5,Goa
137,1,RSPM,61.38175738,5,Goa
137,1,SO2,7.220164514,5,Goa
137,1,SPM,71.94100169,5,Goa
138,1,AQI,162.2107312,5,Gujarat
138,1,NO2,23.91951718,5,Gujarat
138,1,RSPM,102.779236,5,Gujarat
138,1,SO2,15.21033578,5,Gujarat
138,1,SPM,172.4134894,5,Gujarat
139,1,AQI,188.9537473,5,Haryana
139,1,NO2,21.11889098,5,Haryana
139,1,RSPM,137.6987312,5,Haryana
139,1,SO2,10.7612782,5,Haryana
139,1,SPM,202.1146807,5,Haryana
140,1,AQI,159.3030429,5,Himachal Pradesh
140,1,NO2,14.79719375,5,Himachal Pradesh
140,1,RSPM,100.2551638,5,Himachal Pradesh
140,1,SO2,4.92996003,5,Himachal Pradesh
140,1,SPM,158.4674814,5,Himachal Pradesh
141,1,AQI,148.6648634,5,Jammu & Kashmir
141,1,NO2,10.7997076,5,Jammu & Kashmir
141,1,RSPM,110.5141813,5,Jammu & Kashmir
141,1,SO2,7.916666667,5,Jammu & Kashmir
141,1,SPM,122.6683962,5,Jammu & Kashmir
142,1,AQI,176.3187515,5,Jharkhand
142,1,NO2,37.05991222,5,Jharkhand
142,1,RSPM,157.1723848,5,Jharkhand
142,1,SO2,15.77093514,5,Jharkhand
142,1,SPM,167.6404901,5,Jharkhand
143,1,AQI,124.9482539,5,Karnataka
143,1,NO2,23.15227094,5,Karnataka
143,1,RSPM,70.08270423,5,Karnataka
143,1,SO2,9.874557609,5,Karnataka
143,1,SPM,127.3514157,5,Karnataka
144,1,AQI,92.76956553,5,Kerala
144,1,NO2,14.83079932,5,Kerala
144,1,RSPM,49.81092863,5,Kerala
144,1,SO2,5.480122354,5,Kerala
144,1,SPM,95.48211439,5,Kerala
145,1,AQI,160.6894405,5,Madhya Pradesh
145,1,NO2,18.36720875,5,Madhya Pradesh
145,1,RSPM,100.8582664,5,Madhya Pradesh
145,1,SO2,10.30091834,5,Madhya Pradesh
145,1,SPM,172.8786483,5,Madhya Pradesh
146,1,AQI,151.8271095,5,Maharashtra
146,1,NO2,25.83262578,5,Maharashtra
146,1,RSPM,88.79990372,5,Maharashtra
146,1,SO2,12.79136241,5,Maharashtra
146,1,SPM,155.6127494,5,Maharashtra
147,1,AQI,130.25,5,Manipur
147,1,NO2,18.7,5,Manipur
147,1,RSPM,63.5,5,Manipur
147,1,SO2,10.3,5,Manipur
147,1,SPM,169,5,Manipur
148,1,AQI,94.15607564,5,Meghalaya
148,1,NO2,11.24826238,5,Meghalaya
148,1,RSPM,58.30653055,5,Meghalaya
148,1,SO2,4.717202433,5,Meghalaya
148,1,SPM,85.50608167,5,Meghalaya
149,1,AQI,70.55478691,5,Mizoram
149,1,NO2,8.962248858,5,Mizoram
149,1,RSPM,43.02328767,5,Mizoram
149,1,SO2,4.041541096,5,Mizoram
149,1,SPM,66.79125,5,Mizoram
150,1,AQI,120.4876215,5,Nagaland
150,1,NO2,10.00896861,5,Nagaland
150,1,RSPM,67.39461883,5,Nagaland
150,1,SO2,4.639013453,5,Nagaland
150,1,SPM,120.9016816,5,Nagaland
151,1,AQI,133.9528515,5,Odisha
151,1,NO2,16.32526269,5,Odisha
151,1,RSPM,79.03536985,5,Odisha
151,1,SO2,5.67875052,5,Odisha
151,1,SPM,139.2220974,5,Odisha
152,1,AQI,85.30848511,5,Puducherry
152,1,NO2,13.95363544,5,Puducherry
152,1,RSPM,47.563024,5,Puducherry
152,1,SO2,9.175375831,5,Puducherry
152,1,SPM,91.75416305,5,Puducherry
153,1,AQI,175.384141,5,Punjab
153,1,NO2,27.94619659,5,Punjab
153,1,RSPM,156.8615932,5,Punjab
153,1,SO2,10.37782775,5,Punjab
153,1,SPM,162.8873819,5,Punjab
154,1,AQI,225.4138144,5,Rajasthan
154,1,NO2,26.40510881,5,Rajasthan
154,1,RSPM,124.4782656,5,Rajasthan
154,1,SO2,6.69750166,5,Rajasthan
154,1,SPM,236.8618123,5,Rajasthan
155,1,AQI,115.9098567,5,Tamil Nadu
155,1,NO2,21.65637263,5,Tamil Nadu
155,1,RSPM,65.3008048,5,Tamil Nadu
155,1,SO2,10.32644127,5,Tamil Nadu
155,1,SPM,119.8864552,5,Tamil Nadu
156,1,AQI,95.40263003,5,Telengana
156,1,NO2,20.7322695,5,Telengana
156,1,RSPM,89.69148936,5,Telengana
156,1,SO2,5.220496454,5,Telengana
156,1,SPM,26.2,5,Telengana
157,1,AQI,246.4879846,5,Uttar Pradesh
157,1,NO2,26.10256555,5,Uttar Pradesh
157,1,RSPM,157.3673968,5,Uttar Pradesh
157,1,SO2,10.43415908,5,Uttar Pradesh
157,1,SPM,249.1180791,5,Uttar Pradesh
158,1,AQI,169.4581906,5,Uttarakhand
158,1,NO2,23.75085616,5,Uttarakhand
158,1,RSPM,135.4400685,5,Uttarakhand
158,1,SO2,17.94863014,5,Uttarakhand
158,1,SPM,141.0460188,5,Uttarakhand
159,1,AQI,134.6443716,5,West Bengal
159,1,NO2,40.54444193,5,West Bengal
159,1,RSPM,66.93413918,5,West Bengal
159,1,SO2,6.735845007,5,West Bengal
159,1,SPM,141.3352952,5,West Bengal
160,1,AQI,135.0826822,6,Andhra Pradesh
160,1,NO2,19.34217396,6,Andhra Pradesh
160,1,RSPM,74.75351252,6,Andhra Pradesh
160,1,SO2,5.783014912,6,Andhra Pradesh
160,1,SPM,131.2570987,6,Andhra Pradesh
161,1,AQI,115.8698896,6,Assam
161,1,NO2,14.20363109,6,Assam
161,1,RSPM,73.74573815,6,Assam
161,1,SO2,6.368735084,6,Assam
161,1,SPM,110.6253186,6,Assam
162,1,AQI,192.7473235,6,Bihar
162,1,NO2,27.59322034,6,Bihar
162,1,RSPM,107.1525424,6,Bihar
162,1,SO2,7.318644068,6,Bihar
162,1,SPM,219.1144068,6,Bihar
163,1,AQI,163.2518859,6,Chandigarh
163,1,NO2,16.5554785,6,Chandigarh
163,1,RSPM,96.41434928,6,Chandigarh
163,1,SO2,6.84223301,6,Chandigarh
163,1,SPM,175.7059871,6,Chandigarh
164,1,AQI,164.7729205,6,Chhattisgarh
164,1,NO2,23.48387723,6,Chhattisgarh
164,1,RSPM,111.9011072,6,Chhattisgarh
164,1,SO2,12.55586636,6,Chhattisgarh
164,1,SPM,176.5825329,6,Chhattisgarh
165,1,AQI,155.1160757,6,Dadra & Nagar Haveli
165,1,NO2,17.62765957,6,Dadra & Nagar Haveli
165,1,RSPM,74.10638298,6,Dadra & Nagar Haveli
165,1,SO2,8.338297872,6,Dadra & Nagar Haveli
165,1,SPM,165.5235106,6,Dadra & Nagar Haveli
166,1,AQI,145.6177177,6,Daman & Diu
166,1,NO2,17.82432432,6,Daman & Diu
166,1,RSPM,65.24324324,6,Daman & Diu
166,1,SO2,8.205405405,6,Daman & Diu
166,1,SPM,160.5285586,6,Daman & Diu
167,1,AQI,235.4596579,6,Delhi
167,1,NO2,34.68661168,6,Delhi
167,1,RSPM,115.729632,6,Delhi
167,1,SO2,6.348191624,6,Delhi
167,1,SPM,256.9856758,6,Delhi
168,1,AQI,76.68646778,6,Goa
168,1,NO2,13.30304679,6,Goa
168,1,RSPM,51.23495647,6,Goa
168,1,SO2,7.026432717,6,Goa
168,1,SPM,61.35742655,6,Goa
169,1,AQI,156.2546979,6,Gujarat
169,1,NO2,23.59230382,6,Gujarat
169,1,RSPM,99.49623502,6,Gujarat
169,1,SO2,15.10132719,6,Gujarat
169,1,SPM,165.7117055,6,Gujarat
170,1,AQI,190.0528059,6,Haryana
170,1,NO2,21.36866359,6,Haryana
170,1,RSPM,142.3757604,6,Haryana
170,1,SO2,10.52580645,6,Haryana
170,1,SPM,195.4803763,6,Haryana
171,1,AQI,143.3560207,6,Himachal Pradesh
171,1,NO2,14.72205817,6,Himachal Pradesh
171,1,RSPM,92.04808057,6,Himachal Pradesh
171,1,SO2,4.829669028,6,Himachal Pradesh
171,1,SPM,142.9552715,6,Himachal Pradesh
172,1,AQI,150.3714828,6,Jammu & Kashmir
172,1,NO2,11.90814196,6,Jammu & Kashmir
172,1,RSPM,115.1440501,6,Jammu & Kashmir
172,1,SO2,7.939457203,6,Jammu & Kashmir
172,1,SPM,133.0081768,6,Jammu & Kashmir
173,1,AQI,163.7918156,6,Jharkhand
173,1,NO2,39.11563508,6,Jharkhand
173,1,RSPM,141.5159677,6,Jharkhand
173,1,SO2,16.8300504,6,Jharkhand
173,1,SPM,159.3961895,6,Jharkhand
174,1,AQI,115.6136961,6,Karnataka
174,1,NO2,23.20087556,6,Karnataka
174,1,RSPM,65.48205555,6,Karnataka
174,1,SO2,9.691365499,6,Karnataka
174,1,SPM,114.358397,6,Karnataka
175,1,AQI,90.53614415,6,Kerala
175,1,NO2,14.60227244,6,Kerala
175,1,RSPM,45.8967547,6,Kerala
175,1,SO2,5.491962656,6,Kerala
175,1,SPM,93.60002154,6,Kerala
176,1,AQI,143.2103417,6,Madhya Pradesh
176,1,NO2,17.60673571,6,Madhya Pradesh
176,1,RSPM,90.26268532,6,Madhya Pradesh
176,1,SO2,9.954304161,6,Madhya Pradesh
176,1,SPM,153.3409986,6,Madhya Pradesh
177,1,AQI,131.703949,6,Maharashtra
177,1,NO2,24.66189641,6,Maharashtra
177,1,RSPM,77.91755533,6,Maharashtra
177,1,SO2,12.09833691,6,Maharashtra
177,1,SPM,133.4564521,6,Maharashtra
178,1,AQI,110.7142857,6,Manipur
178,1,NO2,21.04285714,6,Manipur
178,1,RSPM,63.42857143,6,Manipur
178,1,SO2,7,6,Manipur
178,1,SPM,123.2857143,6,Manipur
179,1,AQI,107.0246765,6,Meghalaya
179,1,NO2,11.23524306,6,Meghalaya
179,1,RSPM,60.38839962,6,Meghalaya
179,1,SO2,5.04592803,6,Meghalaya
179,1,SPM,101.1736111,6,Meghalaya
180,1,AQI,75.42831834,6,Mizoram
180,1,NO2,9.319105114,6,Mizoram
180,1,RSPM,38.29971591,6,Mizoram
180,1,SO2,4.872975852,6,Mizoram
180,1,SPM,79.12316525,6,Mizoram
181,1,AQI,104.1858683,6,Nagaland
181,1,NO2,11.38422247,6,Nagaland
181,1,RSPM,66.10329171,6,Nagaland
181,1,SO2,5.475028377,6,Nagaland
181,1,SPM,106.9522701,6,Nagaland
182,1,AQI,117.6974363,6,Odisha
182,1,NO2,15.65438378,6,Odisha
182,1,RSPM,69.66655603,6,Odisha
182,1,SO2,5.549515986,6,Odisha
182,1,SPM,123.5869344,6,Odisha
183,1,AQI,83.98719494,6,Puducherry
183,1,NO2,13.76965555,6,Puducherry
183,1,RSPM,50.73509422,6,Puducherry
183,1,SO2,9.188639172,6,Puducherry
183,1,SPM,89.78673154,6,Puducherry
184,1,AQI,166.563818,6,Punjab
184,1,NO2,27.10042097,6,Punjab
184,1,RSPM,147.5940272,6,Punjab
184,1,SO2,10.18191879,6,Punjab
184,1,SPM,152.7834522,6,Punjab
185,1,AQI,199.5355831,6,Rajasthan
185,1,NO2,25.54138792,6,Rajasthan
185,1,RSPM,110.3897371,6,Rajasthan
185,1,SO2,6.703714339,6,Rajasthan
185,1,SPM,212.1630877,6,Rajasthan
186,1,AQI,107.8875043,6,Tamil Nadu
186,1,NO2,21.63691552,6,Tamil Nadu
186,1,RSPM,63.8060025,6,Tamil Nadu
186,1,SO2,10.26871343,6,Tamil Nadu
186,1,SPM,110.8921823,6,Tamil Nadu
187,1,AQI,87.51096743,6,Telengana
187,1,NO2,22.67097701,6,Telengana
187,1,RSPM,78.74425287,6,Telengana
187,1,SO2,5.084798851,6,Telengana
187,1,SPM,26.2,6,Telengana
188,1,AQI,226.090718,6,Uttar Pradesh
188,1,NO2,25.07064179,6,Uttar Pradesh
188,1,RSPM,144.888574,6,Uttar Pradesh
188,1,SO2,10.22513087,6,Uttar Pradesh
188,1,SPM,229.0117443,6,Uttar Pradesh
189,1,AQI,143.0681911,6,Uttarakhand
189,1,NO2,24.17867759,6,Uttarakhand
189,1,RSPM,121.2938389,6,Uttarakhand
189,1,SO2,16.46963923,6,Uttarakhand
189,1,SPM,102.9509782,6,Uttarakhand
190,1,AQI,120.2417138,6,West Bengal
190,1,NO2,39.67351,6,West Bengal
190,1,RSPM,59.74907582,6,West Bengal
190,1,SO2,6.905158431,6,West Bengal
190,1,SPM,126.3829608,6,West Bengal
191,1,AQI,138.3270498,7,Andhra Pradesh
191,1,NO2,21.38373255,7,Andhra Pradesh
191,1,RSPM,70.61382997,7,Andhra Pradesh
191,1,SO2,7.216993774,7,Andhra Pradesh
191,1,SPM,148.5652842,7,Andhra Pradesh
192,1,AQI,92.54166667,7,Arunachal Pradesh
192,1,NO2,5,7,Arunachal Pradesh
192,1,RSPM,95.66666667,7,Arunachal Pradesh
192,1,SO2,2,7,Arunachal Pradesh
192,1,SPM,26.2,7,Arunachal Pradesh
193,1,AQI,107.8914619,7,Assam
193,1,NO2,14.42397927,7,Assam
193,1,RSPM,71.71092504,7,Assam
193,1,SO2,6.592440191,7,Assam
193,1,SPM,102.5949846,7,Assam
194,1,AQI,158.0955679,7,Bihar
194,1,NO2,25.5362963,7,Bihar
194,1,RSPM,88.4,7,Bihar
194,1,SO2,7.47037037,7,Bihar
194,1,SPM,181.8185432,7,Bihar
195,1,AQI,134.3880474,7,Chandigarh
195,1,NO2,16.61541084,7,Chandigarh
195,1,RSPM,77.67541766,7,Chandigarh
195,1,SO2,6.09529492,7,Chandigarh
195,1,SPM,145.2373309,7,Chandigarh
196,1,AQI,158.6701787,7,Chhattisgarh
196,1,NO2,23.63559219,7,Chhattisgarh
196,1,RSPM,106.5154864,7,Chhattisgarh
196,1,SO2,12.4021164,7,Chhattisgarh
196,1,SPM,170.3812678,7,Chhattisgarh
197,1,AQI,149.1205667,7,Dadra & Nagar Haveli
197,1,NO2,17.932,7,Dadra & Nagar Haveli
197,1,RSPM,83.24,7,Dadra & Nagar Haveli
197,1,SO2,8.342,7,Dadra & Nagar Haveli
197,1,SPM,161.0752,7,Dadra & Nagar Haveli
198,1,AQI,134.1825,7,Daman & Diu
198,1,NO2,17.96785714,7,Daman & Diu
198,1,RSPM,70.69642857,7,Daman & Diu
198,1,SO2,8.230357143,7,Daman & Diu
198,1,SPM,145.1375893,7,Daman & Diu
199,1,AQI,202.7224352,7,Delhi
199,1,NO2,34.19850905,7,Delhi
199,1,RSPM,106.5115815,7,Delhi
199,1,SO2,6.068769968,7,Delhi
199,1,SPM,223.0168797,7,Delhi
200,1,AQI,79.07160875,7,Goa
200,1,NO2,13.70050043,7,Goa
200,1,RSPM,50.2185567,7,Goa
200,1,SO2,6.897070447,7,Goa
200,1,SPM,63.27521166,7,Goa
201,1,AQI,151.0059001,7,Gujarat
201,1,NO2,23.1181397,7,Gujarat
201,1,RSPM,94.35546379,7,Gujarat
201,1,SO2,14.73164427,7,Gujarat
201,1,SPM,159.7900669,7,Gujarat
202,1,AQI,177.0362567,7,Haryana
202,1,NO2,19.95190641,7,Haryana
202,1,RSPM,134.7030329,7,Haryana
202,1,SO2,10.00953206,7,Haryana
202,1,SPM,188.2235381,7,Haryana
203,1,AQI,132.6613815,7,Himachal Pradesh
203,1,NO2,13.71569806,7,Himachal Pradesh
203,1,RSPM,78.8552451,7,Himachal Pradesh
203,1,SO2,4.734544786,7,Himachal Pradesh
203,1,SPM,133.1964948,7,Himachal Pradesh
204,1,AQI,137.008044,7,Jammu & Kashmir
204,1,NO2,10.06134259,7,Jammu & Kashmir
204,1,RSPM,97.62037037,7,Jammu & Kashmir
204,1,SO2,8.03587963,7,Jammu & Kashmir
204,1,SPM,120.9058256,7,Jammu & Kashmir
205,1,AQI,158.68111,7,Jharkhand
205,1,NO2,37.58476503,7,Jharkhand
205,1,RSPM,145.779613,7,Jharkhand
205,1,SO2,15.63730822,7,Jharkhand
205,1,SPM,148.7674608,7,Jharkhand
206,1,AQI,110.7373567,7,Karnataka
206,1,NO2,21.91567731,7,Karnataka
206,1,RSPM,63.63309329,7,Karnataka
206,1,SO2,9.806344881,7,Karnataka
206,1,SPM,110.8526664,7,Karnataka
207,1,AQI,83.73553496,7,Kerala
207,1,NO2,14.34456422,7,Kerala
207,1,RSPM,45.20328289,7,Kerala
207,1,SO2,5.574843636,7,Kerala
207,1,SPM,85.89817233,7,Kerala
208,1,AQI,128.9696653,7,Madhya Pradesh
208,1,NO2,17.08422713,7,Madhya Pradesh
208,1,RSPM,82.73552607,7,Madhya Pradesh
208,1,SO2,9.473195398,7,Madhya Pradesh
208,1,SPM,140.0034159,7,Madhya Pradesh
209,1,AQI,126.0939568,7,Maharashtra
209,1,NO2,23.90891551,7,Maharashtra
209,1,RSPM,76.08707016,7,Maharashtra
209,1,SO2,11.78266201,7,Maharashtra
209,1,SPM,128.2878192,7,Maharashtra
210,1,AQI,110.5,7,Manipur
210,1,NO2,21.03636364,7,Manipur
210,1,RSPM,61.36363636,7,Manipur
210,1,SO2,9.718181818,7,Manipur
210,1,SPM,126.4545455,7,Manipur
211,1,AQI,96.6014308,7,Meghalaya
211,1,NO2,11.59074371,7,Meghalaya
211,1,RSPM,59.40988497,7,Meghalaya
211,1,SO2,5.196428571,7,Meghalaya
211,1,SPM,91.06910044,7,Meghalaya
212,1,AQI,67.71235873,7,Mizoram
212,1,NO2,9.209180978,7,Mizoram
212,1,RSPM,39.00154117,7,Mizoram
212,1,SO2,4.177581462,7,Mizoram
212,1,SPM,66.12493395,7,Mizoram
213,1,AQI,90.77774589,7,Nagaland
213,1,NO2,9.346727899,7,Nagaland
213,1,RSPM,58.54075775,7,Nagaland
213,1,SO2,4.576923077,7,Nagaland
213,1,SPM,88.76234214,7,Nagaland
214,1,AQI,107.4096721,7,Odisha
214,1,NO2,15.20853439,7,Odisha
214,1,RSPM,65.88795906,7,Odisha
214,1,SO2,5.696760587,7,Odisha
214,1,SPM,110.9506439,7,Odisha
215,1,AQI,86.80475769,7,Puducherry
215,1,NO2,13.58125,7,Puducherry
215,1,RSPM,51.05644208,7,Puducherry
215,1,SO2,9.5044474,7,Puducherry
215,1,SPM,87.9150266,7,Puducherry
216,1,AQI,162.2386271,7,Punjab
216,1,NO2,26.69413923,7,Punjab
216,1,RSPM,147.0279509,7,Punjab
216,1,SO2,10.1242042,7,Punjab
216,1,SPM,145.932511,7,Punjab
217,1,AQI,171.8810208,7,Rajasthan
217,1,NO2,25.43676452,7,Rajasthan
217,1,RSPM,94.34865808,7,Rajasthan
217,1,SO2,6.421563855,7,Rajasthan
217,1,SPM,184.5692432,7,Rajasthan
218,1,AQI,102.9778204,7,Tamil Nadu
218,1,NO2,21.00107191,7,Tamil Nadu
218,1,RSPM,62.14917974,7,Tamil Nadu
218,1,SO2,10.04399816,7,Tamil Nadu
218,1,SPM,104.4493758,7,Tamil Nadu
219,1,AQI,75.31489726,7,Telengana
219,1,NO2,21.92260274,7,Telengana
219,1,RSPM,64.23287671,7,Telengana
219,1,SO2,5.316575342,7,Telengana
219,1,SPM,26.2,7,Telengana
220,1,AQI,203.8320296,7,Uttar Pradesh
220,1,NO2,23.78741881,7,Uttar Pradesh
220,1,RSPM,131.0277156,7,Uttar Pradesh
220,1,SO2,9.941956862,7,Uttar Pradesh
220,1,SPM,207.7056658,7,Uttar Pradesh
221,1,AQI,148.1926663,7,Uttarakhand
221,1,NO2,22.84932821,7,Uttarakhand
221,1,RSPM,123.9009917,7,Uttarakhand
221,1,SO2,15.2168906,7,Uttarakhand
221,1,SPM,107.775144,7,Uttarakhand
222,1,AQI,106.3990521,7,West Bengal
222,1,NO2,39.37397834,7,West Bengal
222,1,RSPM,52.80118853,7,West Bengal
222,1,SO2,6.877921945,7,West Bengal
222,1,SPM,109.6572708,7,West Bengal
223,1,AQI,141.0846084,8,Andhra Pradesh
223,1,NO2,19.95669427,8,Andhra Pradesh
223,1,RSPM,69.28619738,8,Andhra Pradesh
223,1,SO2,5.689671037,8,Andhra Pradesh
223,1,SPM,149.5076856,8,Andhra Pradesh
224,1,AQI,48.125,8,Arunachal Pradesh
224,1,NO2,5,8,Arunachal Pradesh
224,1,RSPM,38.5,8,Arunachal Pradesh
224,1,SO2,2,8,Arunachal Pradesh
224,1,SPM,26.2,8,Arunachal Pradesh
225,1,AQI,107.5551025,8,Assam
225,1,NO2,14.3031906,8,Assam
225,1,RSPM,71.32963896,8,Assam
225,1,SO2,6.576507137,8,Assam
225,1,SPM,101.0517112,8,Assam
226,1,AQI,174.488118,8,Bihar
226,1,NO2,26.36046512,8,Bihar
226,1,RSPM,86.09302326,8,Bihar
226,1,SO2,7.810077519,8,Bihar
226,1,SPM,203.5749354,8,Bihar
227,1,AQI,125.7616502,8,Chandigarh
227,1,NO2,16.28794735,8,Chandigarh
227,1,RSPM,72.32415692,8,Chandigarh
227,1,SO2,6.214384033,8,Chandigarh
227,1,SPM,137.3694942,8,Chandigarh
228,1,AQI,159.9003592,8,Chhattisgarh
228,1,NO2,23.5162083,8,Chhattisgarh
228,1,RSPM,105.4408391,8,Chhattisgarh
228,1,SO2,12.55811688,8,Chhattisgarh
228,1,SPM,171.3555831,8,Chhattisgarh
229,1,AQI,137.9338362,8,Dadra & Nagar Haveli
229,1,NO2,17.82543103,8,Dadra & Nagar Haveli
229,1,RSPM,58.6637931,8,Dadra & Nagar Haveli
229,1,SO2,8.318965517,8,Dadra & Nagar Haveli
229,1,SPM,150.0258621,8,Dadra & Nagar Haveli
230,1,AQI,139.457114,8,Daman & Diu
230,1,NO2,17.99174917,8,Daman & Diu
230,1,RSPM,67.29372937,8,Daman & Diu
230,1,SO2,8.183168317,8,Daman & Diu
230,1,SPM,152.1989274,8,Daman & Diu
231,1,AQI,207.464094,8,Delhi
231,1,NO2,36.79333868,8,Delhi
231,1,RSPM,100.9477261,8,Delhi
231,1,SO2,6.457811664,8,Delhi
231,1,SPM,227.6178571,8,Delhi
232,1,AQI,75.8224881,8,Goa
232,1,NO2,13.32772213,8,Goa
232,1,RSPM,52.20923762,8,Goa
232,1,SO2,6.977462437,8,Goa
232,1,SPM,56.00633463,8,Goa
233,1,AQI,146.7884796,8,Gujarat
233,1,NO2,22.72918048,8,Gujarat
233,1,RSPM,93.48690279,8,Gujarat
233,1,SO2,14.45017375,8,Gujarat
233,1,SPM,154.6541261,8,Gujarat
234,1,AQI,176.015374,8,Haryana
234,1,NO2,20.64402917,8,Haryana
234,1,RSPM,117.0917958,8,Haryana
234,1,SO2,9.737010027,8,Haryana
234,1,SPM,191.73268,8,Haryana
235,1,AQI,130.8929032,8,Himachal Pradesh
235,1,NO2,14.34646987,8,Himachal Pradesh
235,1,RSPM,74.46842584,8,Himachal Pradesh
235,1,SO2,5.019661411,8,Himachal Pradesh
235,1,SPM,130.5328376,8,Himachal Pradesh
236,1,AQI,148.4739202,8,Jammu & Kashmir
236,1,NO2,10.25319693,8,Jammu & Kashmir
236,1,RSPM,98.27621483,8,Jammu & Kashmir
236,1,SO2,8.350383632,8,Jammu & Kashmir
236,1,SPM,135.1711637,8,Jammu & Kashmir
237,1,AQI,156.0532345,8,Jharkhand
237,1,NO2,37.81997743,8,Jharkhand
237,1,RSPM,138.8435791,8,Jharkhand
237,1,SO2,15.67616629,8,Jharkhand
237,1,SPM,158.2888763,8,Jharkhand
238,1,AQI,115.1881415,8,Karnataka
238,1,NO2,22.28982848,8,Karnataka
238,1,RSPM,61.93161149,8,Karnataka
238,1,SO2,9.758675708,8,Karnataka
238,1,SPM,116.5258825,8,Karnataka
239,1,AQI,85.95252265,8,Kerala
239,1,NO2,14.40317369,8,Kerala
239,1,RSPM,45.09304586,8,Kerala
239,1,SO2,5.538277582,8,Kerala
239,1,SPM,88.87561733,8,Kerala
240,1,AQI,135.7828954,8,Madhya Pradesh
240,1,NO2,17.53598908,8,Madhya Pradesh
240,1,RSPM,85.75338458,8,Madhya Pradesh
240,1,SO2,9.491325546,8,Madhya Pradesh
240,1,SPM,144.8457401,8,Madhya Pradesh
241,1,AQI,127.5088771,8,Maharashtra
241,1,NO2,24.37347475,8,Maharashtra
241,1,RSPM,75.36034141,8,Maharashtra
241,1,SO2,11.92865181,8,Maharashtra
241,1,SPM,127.8070436,8,Maharashtra
242,1,AQI,99.68055557,8,Manipur
242,1,NO2,19.96666667,8,Manipur
242,1,RSPM,54.66666667,8,Manipur
242,1,SO2,8.85,8,Manipur
242,1,SPM,108,8,Manipur
243,1,AQI,103.9511994,8,Meghalaya
243,1,NO2,11.08235876,8,Meghalaya
243,1,RSPM,59.6965113,8,Meghalaya
243,1,SO2,5.038983051,8,Meghalaya
243,1,SPM,100.3972034,8,Meghalaya
244,1,AQI,77.31624108,8,Mizoram
244,1,NO2,9.333089638,8,Mizoram
244,1,RSPM,38.48103412,8,Mizoram
244,1,SO2,4.600042382,8,Mizoram
244,1,SPM,79.92583174,8,Mizoram
245,1,AQI,82.2349164,8,Nagaland
245,1,NO2,9.178050516,8,Nagaland
245,1,RSPM,54.46318036,8,Nagaland
245,1,SO2,4.734258271,8,Nagaland
245,1,SPM,79.33532551,8,Nagaland
246,1,AQI,114.9248661,8,Odisha
246,1,NO2,15.51903075,8,Odisha
246,1,RSPM,66.37769166,8,Odisha
246,1,SO2,5.495666947,8,Odisha
246,1,SPM,121.5712946,8,Odisha
247,1,AQI,82.30239777,8,Puducherry
247,1,NO2,13.47378641,8,Puducherry
247,1,RSPM,47.82509562,8,Puducherry
247,1,SO2,8.478324507,8,Puducherry
247,1,SPM,88.47170491,8,Puducherry
248,1,AQI,165.6709966,8,Punjab
248,1,NO2,26.77377381,8,Punjab
248,1,RSPM,149.0166688,8,Punjab
248,1,SO2,10.02258675,8,Punjab
248,1,SPM,148.4963875,8,Punjab
249,1,AQI,163.1938851,8,Rajasthan
249,1,NO2,24.70850254,8,Rajasthan
249,1,RSPM,86.65560657,8,Rajasthan
249,1,SO2,6.275621874,8,Rajasthan
249,1,SPM,176.4986097,8,Rajasthan
250,1,AQI,101.7593736,8,Tamil Nadu
250,1,NO2,21.36152339,8,Tamil Nadu
250,1,RSPM,60.07553967,8,Tamil Nadu
250,1,SO2,10.20745535,8,Tamil Nadu
250,1,SPM,103.3366248,8,Tamil Nadu
251,1,AQI,74.11914251,8,Telengana
251,1,NO2,22.72028986,8,Telengana
251,1,RSPM,63.10144928,8,Telengana
251,1,SO2,5.110362319,8,Telengana
251,1,SPM,26.2,8,Telengana
252,1,AQI,205.1578348,8,Uttar Pradesh
252,1,NO2,23.73716927,8,Uttar Pradesh
252,1,RSPM,128.6024635,8,Uttar Pradesh
252,1,SO2,9.884023346,8,Uttar Pradesh
252,1,SPM,209.9679193,8,Uttar Pradesh
253,1,AQI,140.1423837,8,Uttarakhand
253,1,NO2,21.75750478,8,Uttarakhand
253,1,RSPM,108.4751434,8,Uttarakhand
253,1,SO2,15.90767208,8,Uttarakhand
253,1,SPM,102.556262,8,Uttarakhand
254,1,AQI,106.9194624,8,West Bengal
254,1,NO2,40.13553507,8,West Bengal
254,1,RSPM,52.91522524,8,West Bengal
254,1,SO2,6.722134575,8,West Bengal
254,1,SPM,111.2038079,8,West Bengal
255,1,AQI,136.3343103,9,Andhra Pradesh
255,1,NO2,20.34222249,9,Andhra Pradesh
255,1,RSPM,70.63197488,9,Andhra Pradesh
255,1,SO2,5.979171683,9,Andhra Pradesh
255,1,SPM,138.2945984,9,Andhra Pradesh
256,1,AQI,71.91666668,9,Arunachal Pradesh
256,1,NO2,22.62083333,9,Arunachal Pradesh
256,1,RSPM,64.5,9,Arunachal Pradesh
256,1,SO2,8.25,9,Arunachal Pradesh
256,1,SPM,26.2,9,Arunachal Pradesh
257,1,AQI,111.8737711,9,Assam
257,1,NO2,14.04644614,9,Assam
257,1,RSPM,68.80568278,9,Assam
257,1,SO2,6.545496183,9,Assam
257,1,SPM,110.9220591,9,Assam
258,1,AQI,183.0028148,9,Bihar
258,1,NO2,29.41047619,9,Bihar
258,1,RSPM,98.20952381,9,Bihar
258,1,SO2,8.58952381,9,Bihar
258,1,SPM,209.5167937,9,Bihar
259,1,AQI,131.4169416,9,Chandigarh
259,1,NO2,15.87439446,9,Chandigarh
259,1,RSPM,77.05259516,9,Chandigarh
259,1,SO2,6.558546713,9,Chandigarh
259,1,SPM,141.8834746,9,Chandigarh
260,1,AQI,159.7151851,9,Chhattisgarh
260,1,NO2,23.49196123,9,Chhattisgarh
260,1,RSPM,108.306075,9,Chhattisgarh
260,1,SO2,12.2035031,9,Chhattisgarh
260,1,SPM,170.3466865,9,Chhattisgarh
261,1,AQI,137.2011111,9,Dadra & Nagar Haveli
261,1,NO2,18.35,9,Dadra & Nagar Haveli
261,1,RSPM,72.06363636,9,Dadra & Nagar Haveli
261,1,SO2,8.613636364,9,Dadra & Nagar Haveli
261,1,SPM,144.3052652,9,Dadra & Nagar Haveli
262,1,AQI,124.1860434,9,Daman & Diu
262,1,NO2,18.7097561,9,Daman & Diu
262,1,RSPM,76.06341463,9,Daman & Diu
262,1,SO2,8.185365854,9,Daman & Diu
262,1,SPM,125.5575203,9,Daman & Diu
263,1,AQI,212.9548953,9,Delhi
263,1,NO2,35.37202134,9,Delhi
263,1,RSPM,101.4601067,9,Delhi
263,1,SO2,6.50560166,9,Delhi
263,1,SPM,233.873933,9,Delhi
264,1,AQI,80.66682888,9,Goa
264,1,NO2,13.35280768,9,Goa
264,1,RSPM,50.5247578,9,Goa
264,1,SO2,6.634634015,9,Goa
264,1,SPM,66.10073556,9,Goa
265,1,AQI,150.6866785,9,Gujarat
265,1,NO2,22.89512449,9,Gujarat
265,1,RSPM,94.46132964,9,Gujarat
265,1,SO2,14.70352173,9,Gujarat
265,1,SPM,161.5311492,9,Gujarat
266,1,AQI,165.4297919,9,Haryana
266,1,NO2,21.59012681,9,Haryana
266,1,RSPM,116.7850543,9,Haryana
266,1,SO2,9.561141304,9,Haryana
266,1,SPM,179.9869037,9,Haryana
267,1,AQI,129.6646416,9,Himachal Pradesh
267,1,NO2,14.12269734,9,Himachal Pradesh
267,1,RSPM,78.25615523,9,Himachal Pradesh
267,1,SO2,4.898988325,9,Himachal Pradesh
267,1,SPM,130.2036386,9,Himachal Pradesh
268,1,AQI,138.0567571,9,Jammu & Kashmir
268,1,NO2,11.69550562,9,Jammu & Kashmir
268,1,RSPM,103.5258427,9,Jammu & Kashmir
268,1,SO2,7.035955056,9,Jammu & Kashmir
268,1,SPM,124.6982068,9,Jammu & Kashmir
269,1,AQI,152.3872356,9,Jharkhand
269,1,NO2,37.77513222,9,Jharkhand
269,1,RSPM,143.9346169,9,Jharkhand
269,1,SO2,15.75224781,9,Jharkhand
269,1,SPM,153.0825722,9,Jharkhand
270,1,AQI,112.058915,9,Karnataka
270,1,NO2,22.87286869,9,Karnataka
270,1,RSPM,64.15565657,9,Karnataka
270,1,SO2,9.947373737,9,Karnataka
270,1,SPM,113.6948283,9,Karnataka
271,1,AQI,87.31618202,9,Kerala
271,1,NO2,14.97901792,9,Kerala
271,1,RSPM,46.49416277,9,Kerala
271,1,SO2,5.691998707,9,Kerala
271,1,SPM,91.22321461,9,Kerala
272,1,AQI,138.7420223,9,Madhya Pradesh
272,1,NO2,17.73202772,9,Madhya Pradesh
272,1,RSPM,86.23951939,9,Madhya Pradesh
272,1,SO2,9.811896265,9,Madhya Pradesh
272,1,SPM,147.456934,9,Madhya Pradesh
273,1,AQI,131.3620338,9,Maharashtra
273,1,NO2,25.47151574,9,Maharashtra
273,1,RSPM,79.97137485,9,Maharashtra
273,1,SO2,12.28317116,9,Maharashtra
273,1,SPM,130.6415951,9,Maharashtra
274,1,AQI,106.9027778,9,Manipur
274,1,NO2,17.58333333,9,Manipur
274,1,RSPM,55.5,9,Manipur
274,1,SO2,9.333333333,9,Manipur
274,1,SPM,119.5,9,Manipur
275,1,AQI,94.59346988,9,Meghalaya
275,1,NO2,11.81927767,9,Meghalaya
275,1,RSPM,63.28386492,9,Meghalaya
275,1,SO2,4.901969981,9,Meghalaya
275,1,SPM,87.70651188,9,Meghalaya
276,1,AQI,76.73532333,9,Mizoram
276,1,NO2,9.915904293,9,Mizoram
276,1,RSPM,37.76941121,9,Mizoram
276,1,SO2,4.469680976,9,Mizoram
276,1,SPM,78.87366878,9,Mizoram
277,1,AQI,98.78037149,9,Nagaland
277,1,NO2,10.33835341,9,Nagaland
277,1,RSPM,62.91967871,9,Nagaland
277,1,SO2,4.452309237,9,Nagaland
277,1,SPM,100.0602912,9,Nagaland
278,1,AQI,115.5880833,9,Odisha
278,1,NO2,15.69234249,9,Odisha
278,1,RSPM,69.63688107,9,Odisha
278,1,SO2,5.693211603,9,Odisha
278,1,SPM,120.5315005,9,Odisha
279,1,AQI,78.94976679,9,Puducherry
279,1,NO2,14.62496113,9,Puducherry
279,1,RSPM,50.98678483,9,Puducherry
279,1,SO2,9.033271144,9,Puducherry
279,1,SPM,83.62755752,9,Puducherry
280,1,AQI,166.854756,9,Punjab
280,1,NO2,27.62130848,9,Punjab
280,1,RSPM,152.478609,9,Punjab
280,1,SO2,10.47051783,9,Punjab
280,1,SPM,151.8596632,9,Punjab
281,1,AQI,179.3710459,9,Rajasthan
281,1,NO2,25.62611711,9,Rajasthan
281,1,RSPM,95.13958956,9,Rajasthan
281,1,SO2,6.493843453,9,Rajasthan
281,1,SPM,193.160755,9,Rajasthan
282,1,AQI,102.0867334,9,Tamil Nadu
282,1,NO2,21.50869484,9,Tamil Nadu
282,1,RSPM,59.66659808,9,Tamil Nadu
282,1,SO2,10.28708776,9,Tamil Nadu
282,1,SPM,105.8749671,9,Tamil Nadu
283,1,AQI,86.88231758,9,Telengana
283,1,NO2,23.70874793,9,Telengana
283,1,RSPM,77.86318408,9,Telengana
283,1,SO2,5.434701493,9,Telengana
283,1,SPM,26.2,9,Telengana
284,1,AQI,207.9399116,9,Uttar Pradesh
284,1,NO2,24.3829948,9,Uttar Pradesh
284,1,RSPM,137.5671254,9,Uttar Pradesh
284,1,SO2,10.08066611,9,Uttar Pradesh
284,1,SPM,210.511243,9,Uttar Pradesh
285,1,AQI,136.0445562,9,Uttarakhand
285,1,NO2,24.56365694,9,Uttarakhand
285,1,RSPM,118.9538229,9,Uttarakhand
285,1,SO2,16.68541247,9,Uttarakhand
285,1,SPM,90.7130114,9,Uttarakhand
286,1,AQI,119.4297263,9,West Bengal
286,1,NO2,40.4631308,9,West Bengal
286,1,RSPM,60.07572332,9,West Bengal
286,1,SO2,7.279945499,9,West Bengal
286,1,SPM,126.8528226,9,West Bengal
287,1,AQI,152.8851078,10,Andhra Pradesh
287,1,NO2,21.76605792,10,Andhra Pradesh
287,1,RSPM,77.94234574,10,Andhra Pradesh
287,1,SO2,7.079401089,10,Andhra Pradesh
287,1,SPM,166.3276546,10,Andhra Pradesh
288,1,AQI,73.42857143,10,Arunachal Pradesh
288,1,NO2,6.785714286,10,Arunachal Pradesh
288,1,RSPM,60.78571429,10,Arunachal Pradesh
288,1,SO2,4.071428571,10,Arunachal Pradesh
288,1,SPM,26.2,10,Arunachal Pradesh
289,1,AQI,123.9233907,10,Assam
289,1,NO2,14.45734803,10,Assam
289,1,RSPM,82.79129535,10,Assam
289,1,SO2,6.557670274,10,Assam
289,1,SPM,124.5257099,10,Assam
290,1,AQI,177.9479694,10,Bihar
290,1,NO2,29.84597701,10,Bihar
290,1,RSPM,101.7356322,10,Bihar
290,1,SO2,9.172030651,10,Bihar
290,1,SPM,203.8897701,10,Bihar
291,1,AQI,161.0484264,10,Chandigarh
291,1,NO2,18.28608711,10,Chandigarh
291,1,RSPM,96.08963283,10,Chandigarh
291,1,SO2,6.66612671,10,Chandigarh
291,1,SPM,175.7238477,10,Chandigarh
292,1,AQI,169.6936004,10,Chhattisgarh
292,1,NO2,24.66094991,10,Chhattisgarh
292,1,RSPM,114.214502,10,Chhattisgarh
292,1,SO2,12.74396661,10,Chhattisgarh
292,1,SPM,183.6894681,10,Chhattisgarh
293,1,AQI,152.5748704,10,Dadra & Nagar Haveli
293,1,NO2,19.53171642,10,Dadra & Nagar Haveli
293,1,RSPM,94.87313433,10,Dadra & Nagar Haveli
293,1,SO2,8.951492537,10,Dadra & Nagar Haveli
293,1,SPM,159.2060323,10,Dadra & Nagar Haveli
294,1,AQI,166.3198343,10,Daman & Diu
294,1,NO2,18.55263158,10,Daman & Diu
294,1,RSPM,85.01359649,10,Daman & Diu
294,1,SO2,8.631578947,10,Daman & Diu
294,1,SPM,183.8818348,10,Daman & Diu
295,1,AQI,264.1442859,10,Delhi
295,1,NO2,38.88985507,10,Delhi
295,1,RSPM,138.6580616,10,Delhi
295,1,SO2,8.020516304,10,Delhi
295,1,SPM,286.4754303,10,Delhi
296,1,AQI,90.48449175,10,Goa
296,1,NO2,14.24146264,10,Goa
296,1,RSPM,57.70087051,10,Goa
296,1,SO2,7.147052956,10,Goa
296,1,SPM,73.97734857,10,Goa
297,1,AQI,163.7251088,10,Gujarat
297,1,NO2,23.84510197,10,Gujarat
297,1,RSPM,99.72848594,10,Gujarat
297,1,SO2,15.32675966,10,Gujarat
297,1,SPM,175.4368818,10,Gujarat
298,1,AQI,183.5115479,10,Haryana
298,1,NO2,22.78702758,10,Haryana
298,1,RSPM,135.4851379,10,Haryana
298,1,SO2,10.71092952,10,Haryana
298,1,SPM,189.2732121,10,Haryana
299,1,AQI,141.1547891,10,Himachal Pradesh
299,1,NO2,14.8282481,10,Himachal Pradesh
299,1,RSPM,87.13879306,10,Himachal Pradesh
299,1,SO2,4.910747651,10,Himachal Pradesh
299,1,SPM,142.9622858,10,Himachal Pradesh
300,1,AQI,163.07421,10,Jammu & Kashmir
300,1,NO2,11.57492355,10,Jammu & Kashmir
300,1,RSPM,114.2171254,10,Jammu & Kashmir
300,1,SO2,8.029051988,10,Jammu & Kashmir
300,1,SPM,138.7615698,10,Jammu & Kashmir
301,1,AQI,176.4254848,10,Jharkhand
301,1,NO2,38.58575472,10,Jharkhand
301,1,RSPM,153.5635849,10,Jharkhand
301,1,SO2,16.39754717,10,Jharkhand
301,1,SPM,186.2671069,10,Jharkhand
302,1,AQI,118.0762364,10,Karnataka
302,1,NO2,23.02878788,10,Karnataka
302,1,RSPM,67.68437668,10,Karnataka
302,1,SO2,10.14675873,10,Karnataka
302,1,SPM,120.4207422,10,Karnataka
303,1,AQI,88.17107088,10,Kerala
303,1,NO2,14.96705352,10,Kerala
303,1,RSPM,49.09922834,10,Kerala
303,1,SO2,5.575221149,10,Kerala
303,1,SPM,91.24816239,10,Kerala
304,1,AQI,160.4704782,10,Madhya Pradesh
304,1,NO2,18.46157434,10,Madhya Pradesh
304,1,RSPM,103.8984582,10,Madhya Pradesh
304,1,SO2,10.3006321,10,Madhya Pradesh
304,1,SPM,173.8127649,10,Madhya Pradesh
305,1,AQI,146.3426461,10,Maharashtra
305,1,NO2,27.21520848,10,Maharashtra
305,1,RSPM,91.86575847,10,Maharashtra
305,1,SO2,12.66913845,10,Maharashtra
305,1,SPM,146.7302212,10,Maharashtra
306,1,AQI,91.9047619,10,Manipur
306,1,NO2,18.74285714,10,Manipur
306,1,RSPM,51.42857143,10,Manipur
306,1,SO2,10.5,10,Manipur
306,1,SPM,112.2857143,10,Manipur
307,1,AQI,107.38206,10,Meghalaya
307,1,NO2,10.84864524,10,Meghalaya
307,1,RSPM,61.48667297,10,Meghalaya
307,1,SO2,4.621455577,10,Meghalaya
307,1,SPM,101.8963059,10,Meghalaya
308,1,AQI,66.13446078,10,Mizoram
308,1,NO2,9.420335626,10,Mizoram
308,1,RSPM,40.15384615,10,Mizoram
308,1,SO2,4.684406921,10,Mizoram
308,1,SPM,64.2990984,10,Mizoram
309,1,AQI,111.856744,10,Nagaland
309,1,NO2,11.29329897,10,Nagaland
309,1,RSPM,78.18556701,10,Nagaland
309,1,SO2,5.170103093,10,Nagaland
309,1,SPM,106.5913918,10,Nagaland
310,1,AQI,134.9882369,10,Odisha
310,1,NO2,16.57456096,10,Odisha
310,1,RSPM,81.50571868,10,Odisha
310,1,SO2,5.873076063,10,Odisha
310,1,SPM,141.2470098,10,Odisha
311,1,AQI,78.42904426,10,Puducherry
311,1,NO2,13.94751273,10,Puducherry
311,1,RSPM,48.74618096,10,Puducherry
311,1,SO2,8.938160987,10,Puducherry
311,1,SPM,82.5395613,10,Puducherry
312,1,AQI,179.1422167,10,Punjab
312,1,NO2,27.82456528,10,Punjab
312,1,RSPM,157.3794233,10,Punjab
312,1,SO2,10.2340112,10,Punjab
312,1,SPM,168.9580876,10,Punjab
313,1,AQI,206.256349,10,Rajasthan
313,1,NO2,26.89224918,10,Rajasthan
313,1,RSPM,118.7137925,10,Rajasthan
313,1,SO2,6.714118337,10,Rajasthan
313,1,SPM,219.3114518,10,Rajasthan
314,1,AQI,102.2980146,10,Tamil Nadu
314,1,NO2,21.95191273,10,Tamil Nadu
314,1,RSPM,65.01442464,10,Tamil Nadu
314,1,SO2,10.46142032,10,Tamil Nadu
314,1,SPM,103.8372331,10,Tamil Nadu
315,1,AQI,91.63383839,10,Telengana
315,1,NO2,23.6969697,10,Telengana
315,1,RSPM,85.3973064,10,Telengana
315,1,SO2,5.536700337,10,Telengana
315,1,SPM,26.2,10,Telengana
316,1,AQI,234.5158323,10,Uttar Pradesh
316,1,NO2,26.77985953,10,Uttar Pradesh
316,1,RSPM,155.9633816,10,Uttar Pradesh
316,1,SO2,10.8314025,10,Uttar Pradesh
316,1,SPM,237.9962943,10,Uttar Pradesh
317,1,AQI,148.3133438,10,Uttarakhand
317,1,NO2,23.9926822,10,Uttarakhand
317,1,RSPM,132.5298536,10,Uttarakhand
317,1,SO2,18.7885454,10,Uttarakhand
317,1,SPM,105.0705346,10,Uttarakhand
318,1,AQI,144.9075004,10,West Bengal
318,1,NO2,43.37491084,10,West Bengal
318,1,RSPM,82.99247828,10,West Bengal
318,1,SO2,7.855390947,10,West Bengal
318,1,SPM,154.7156584,10,West Bengal
319,1,AQI,155.4062976,11,Andhra Pradesh
319,1,NO2,21.72963572,11,Andhra Pradesh
319,1,RSPM,79.61840479,11,Andhra Pradesh
319,1,SO2,6.19262888,11,Andhra Pradesh
319,1,SPM,166.8199455,11,Andhra Pradesh
320,1,AQI,81.81944444,11,Arunachal Pradesh
320,1,NO2,4.833333333,11,Arunachal Pradesh
320,1,RSPM,69,11,Arunachal Pradesh
320,1,SO2,3.75,11,Arunachal Pradesh
320,1,SPM,26.2,11,Arunachal Pradesh
321,1,AQI,134.2059242,11,Assam
321,1,NO2,14.62619088,11,Assam
321,1,RSPM,98.68742636,11,Assam
321,1,SO2,6.611159737,11,Assam
321,1,SPM,130.2746816,11,Assam
322,1,AQI,209.6022222,11,Bihar
322,1,NO2,29.39722222,11,Bihar
322,1,RSPM,124.3147222,11,Bihar
322,1,SO2,7.861111111,11,Bihar
322,1,SPM,238.8316667,11,Bihar
323,1,AQI,170.1743058,11,Chandigarh
323,1,NO2,19.76424923,11,Chandigarh
323,1,RSPM,102.4409261,11,Chandigarh
323,1,SO2,6.530439224,11,Chandigarh
323,1,SPM,183.2729349,11,Chandigarh
324,1,AQI,172.6065494,11,Chhattisgarh
324,1,NO2,24.52285508,11,Chhattisgarh
324,1,RSPM,113.8875691,11,Chhattisgarh
324,1,SO2,12.76174597,11,Chhattisgarh
324,1,SPM,184.8943824,11,Chhattisgarh
325,1,AQI,167.4632449,11,Dadra & Nagar Haveli
325,1,NO2,18.32459677,11,Dadra & Nagar Haveli
325,1,RSPM,78.51612903,11,Dadra & Nagar Haveli
325,1,SO2,8.556451613,11,Dadra & Nagar Haveli
325,1,SPM,182.6033938,11,Dadra & Nagar Haveli
326,1,AQI,146.2018061,11,Daman & Diu
326,1,NO2,18.40636042,11,Daman & Diu
326,1,RSPM,81.30035336,11,Daman & Diu
326,1,SO2,8.625441696,11,Daman & Diu
326,1,SPM,157.2061543,11,Daman & Diu
327,1,AQI,263.6088858,11,Delhi
327,1,NO2,38.35762431,11,Delhi
327,1,RSPM,143.1722099,11,Delhi
327,1,SO2,7.020165746,11,Delhi
327,1,SPM,286.5507735,11,Delhi
328,1,AQI,100.3175818,11,Goa
328,1,NO2,14.33191414,11,Goa
328,1,RSPM,69.8750133,11,Goa
328,1,SO2,6.933901011,11,Goa
328,1,SPM,78.44964964,11,Goa
329,1,AQI,155.8695093,11,Gujarat
329,1,NO2,23.78767701,11,Gujarat
329,1,RSPM,97.12728984,11,Gujarat
329,1,SO2,15.23308406,11,Gujarat
329,1,SPM,167.9874251,11,Gujarat
330,1,AQI,177.6944663,11,Haryana
330,1,NO2,21.65962672,11,Haryana
330,1,RSPM,141.6122299,11,Haryana
330,1,SO2,10.57367387,11,Haryana
330,1,SPM,183.788934,11,Haryana
331,1,AQI,149.4882775,11,Himachal Pradesh
331,1,NO2,14.68334143,11,Himachal Pradesh
331,1,RSPM,94.0658891,11,Himachal Pradesh
331,1,SO2,4.844382926,11,Himachal Pradesh
331,1,SPM,150.1926976,11,Himachal Pradesh
332,1,AQI,132.0649108,11,Jammu & Kashmir
332,1,NO2,10.03626943,11,Jammu & Kashmir
332,1,RSPM,115.1096287,11,Jammu & Kashmir
332,1,SO2,8.57253886,11,Jammu & Kashmir
332,1,SPM,110.9510363,11,Jammu & Kashmir
333,1,AQI,177.777272,11,Jharkhand
333,1,NO2,38.23073691,11,Jharkhand
333,1,RSPM,159.6707438,11,Jharkhand
333,1,SO2,16.40219697,11,Jharkhand
333,1,SPM,182.508043,11,Jharkhand
334,1,AQI,123.9559628,11,Karnataka
334,1,NO2,22.4396918,11,Karnataka
334,1,RSPM,71.17887339,11,Karnataka
334,1,SO2,9.672219908,11,Karnataka
334,1,SPM,125.0097616,11,Karnataka
335,1,AQI,92.29301989,11,Kerala
335,1,NO2,14.92445178,11,Kerala
335,1,RSPM,52.32594252,11,Kerala
335,1,SO2,5.551337301,11,Kerala
335,1,SPM,93.17344106,11,Kerala
336,1,AQI,164.4819655,11,Madhya Pradesh
336,1,NO2,18.40525291,11,Madhya Pradesh
336,1,RSPM,107.3070797,11,Madhya Pradesh
336,1,SO2,10.09250607,11,Madhya Pradesh
336,1,SPM,179.3445586,11,Madhya Pradesh
337,1,AQI,150.7754817,11,Maharashtra
337,1,NO2,27.43468363,11,Maharashtra
337,1,RSPM,97.9521701,11,Maharashtra
337,1,SO2,12.53438844,11,Maharashtra
337,1,SPM,151.8131649,11,Maharashtra
338,1,AQI,166.952381,11,Manipur
338,1,NO2,21.64285714,11,Manipur
338,1,RSPM,94.85714286,11,Manipur
338,1,SO2,5.657142857,11,Manipur
338,1,SPM,200.4285714,11,Manipur
339,1,AQI,111.5990854,11,Meghalaya
339,1,NO2,11.29573099,11,Meghalaya
339,1,RSPM,65.62296296,11,Meghalaya
339,1,SO2,4.718031189,11,Meghalaya
339,1,SPM,105.4803801,11,Meghalaya
340,1,AQI,85.40032029,11,Mizoram
340,1,NO2,9.510649737,11,Mizoram
340,1,RSPM,44.96499657,11,Mizoram
340,1,SO2,4.151635781,11,Mizoram
340,1,SPM,84.41678106,11,Mizoram
341,1,AQI,132.2749716,11,Nagaland
341,1,NO2,11.6223042,11,Nagaland
341,1,RSPM,98.553916,11,Nagaland
341,1,SO2,5.464245176,11,Nagaland
341,1,SPM,125.5825766,11,Nagaland
342,1,AQI,144.6590997,11,Odisha
342,1,NO2,17.21027989,11,Odisha
342,1,RSPM,92.86466513,11,Odisha
342,1,SO2,5.63821896,11,Odisha
342,1,SPM,149.0191631,11,Odisha
343,1,AQI,96.20087963,11,Puducherry
343,1,NO2,12.91055556,11,Puducherry
343,1,RSPM,51.31833333,11,Puducherry
343,1,SO2,8.360972222,11,Puducherry
343,1,SPM,101.3203704,11,Puducherry
344,1,AQI,176.1443849,11,Punjab
344,1,NO2,27.61860543,11,Punjab
344,1,RSPM,156.7680327,11,Punjab
344,1,SO2,10.12789143,11,Punjab
344,1,SPM,166.2528205,11,Punjab
345,1,AQI,207.2329517,11,Rajasthan
345,1,NO2,29.09679134,11,Rajasthan
345,1,RSPM,126.8414927,11,Rajasthan
345,1,SO2,6.996839664,11,Rajasthan
345,1,SPM,219.763789,11,Rajasthan
346,1,AQI,40,11,Sikkim
346,1,NO2,26.8,11,Sikkim
346,1,RSPM,32,11,Sikkim
346,1,SO2,19.8,11,Sikkim
346,1,SPM,75,11,Sikkim
347,1,AQI,109.0100683,11,Tamil Nadu
347,1,NO2,21.55782883,11,Tamil Nadu
347,1,RSPM,66.90737992,11,Tamil Nadu
347,1,SO2,10.4344021,11,Tamil Nadu
347,1,SPM,110.0932385,11,Tamil Nadu
348,1,AQI,94.42746449,11,Telengana
348,1,NO2,22.41303258,11,Telengana
348,1,RSPM,89.07518797,11,Telengana
348,1,SO2,4.873859649,11,Telengana
348,1,SPM,26.2,11,Telengana
349,1,AQI,247.2676966,11,Uttar Pradesh
349,1,NO2,27.48861925,11,Uttar Pradesh
349,1,RSPM,162.0571967,11,Uttar Pradesh
349,1,SO2,11.17702653,11,Uttar Pradesh
349,1,SPM,250.3789664,11,Uttar Pradesh
350,1,AQI,141.9400475,11,Uttarakhand
350,1,NO2,23.67166241,11,Uttarakhand
350,1,RSPM,138.042928,11,Uttarakhand
350,1,SO2,14.95820578,11,Uttarakhand
350,1,SPM,100.1376134,11,Uttarakhand
351,1,AQI,161.8109732,11,West Bengal
351,1,NO2,44.35822785,11,West Bengal
351,1,RSPM,104.5719298,11,West Bengal
351,1,SO2,8.262758161,11,West Bengal
351,1,SPM,171.3636298,11,West Bengal
352,1,AQI,149.4285304,12,Andhra Pradesh
352,1,NO2,21.29851538,12,Andhra Pradesh
352,1,RSPM,85.35705859,12,Andhra Pradesh
352,1,SO2,6.167020148,12,Andhra Pradesh
352,1,SPM,148.4538258,12,Andhra Pradesh
353,1,AQI,95.57291666,12,Arunachal Pradesh
353,1,NO2,11.0625,12,Arunachal Pradesh
353,1,RSPM,89.75,12,Arunachal Pradesh
353,1,SO2,5.25,12,Arunachal Pradesh
353,1,SPM,26.2,12,Arunachal Pradesh
354,1,AQI,147.265779,12,Assam
354,1,NO2,15.2122623,12,Assam
354,1,RSPM,114.8705013,12,Assam
354,1,SO2,6.793682225,12,Assam
354,1,SPM,143.374993,12,Assam
355,1,AQI,189.9197183,12,Bihar
355,1,NO2,29.38873239,12,Bihar
355,1,RSPM,119.1549296,12,Bihar
355,1,SO2,8.24084507,12,Bihar
355,1,SPM,218.8659859,12,Bihar
356,1,AQI,167.0657566,12,Chandigarh
356,1,NO2,21.68731798,12,Chandigarh
356,1,RSPM,112.7395869,12,Chandigarh
356,1,SO2,7.406010836,12,Chandigarh
356,1,SPM,181.9743483,12,Chandigarh
357,1,AQI,173.2503008,12,Chhattisgarh
357,1,NO2,23.94077169,12,Chhattisgarh
357,1,RSPM,114.1785206,12,Chhattisgarh
357,1,SO2,12.74192745,12,Chhattisgarh
357,1,SPM,189.3576529,12,Chhattisgarh
358,1,AQI,158.7816196,12,Dadra & Nagar Haveli
358,1,NO2,18.79322034,12,Dadra & Nagar Haveli
358,1,RSPM,89.69983051,12,Dadra & Nagar Haveli
358,1,SO2,9.042372881,12,Dadra & Nagar Haveli
358,1,SPM,171.4236158,12,Dadra & Nagar Haveli
359,1,AQI,153.3292008,12,Daman & Diu
359,1,NO2,18.82807018,12,Daman & Diu
359,1,RSPM,81.96842105,12,Daman & Diu
359,1,SO2,9.273684211,12,Daman & Diu
359,1,SPM,169.9738889,12,Daman & Diu
360,1,AQI,267.0862943,12,Delhi
360,1,NO2,38.19425532,12,Delhi
360,1,RSPM,137.1021809,12,Delhi
360,1,SO2,6.608723404,12,Delhi
360,1,SPM,291.1353989,12,Delhi
361,1,AQI,109.9598359,12,Goa
361,1,NO2,14.88070083,12,Goa
361,1,RSPM,73.64104596,12,Goa
361,1,SO2,7.348802606,12,Goa
361,1,SPM,88.53677584,12,Goa
362,1,AQI,160.7577343,12,Gujarat
362,1,NO2,23.72413323,12,Gujarat
362,1,RSPM,96.47144768,12,Gujarat
362,1,SO2,14.86885917,12,Gujarat
362,1,SPM,169.9214319,12,Gujarat
363,1,AQI,196.6567681,12,Haryana
363,1,NO2,22.10761589,12,Haryana
363,1,RSPM,140.6843819,12,Haryana
363,1,SO2,10.5910596,12,Haryana
363,1,SPM,217.1136681,12,Haryana
364,1,AQI,150.8219489,12,Himachal Pradesh
364,1,NO2,15.05389685,12,Himachal Pradesh
364,1,RSPM,99.31051483,12,Himachal Pradesh
364,1,SO2,4.831760356,12,Himachal Pradesh
364,1,SPM,149.6151785,12,Himachal Pradesh
365,1,AQI,139.1755466,12,Jammu & Kashmir
365,1,NO2,10.49595687,12,Jammu & Kashmir
365,1,RSPM,126.7466307,12,Jammu & Kashmir
365,1,SO2,9.191374663,12,Jammu & Kashmir
365,1,SPM,110.6846514,12,Jammu & Kashmir
366,1,AQI,184.127794,12,Jharkhand
366,1,NO2,38.18445341,12,Jharkhand
366,1,RSPM,168.9404719,12,Jharkhand
366,1,SO2,15.68394564,12,Jharkhand
366,1,SPM,185.9212142,12,Jharkhand
367,1,AQI,130.7172673,12,Karnataka
367,1,NO2,22.92035434,12,Karnataka
367,1,RSPM,75.93870546,12,Karnataka
367,1,SO2,9.760519428,12,Karnataka
367,1,SPM,129.8953141,12,Karnataka
368,1,AQI,100.8413395,12,Kerala
368,1,NO2,15.7623768,12,Kerala
368,1,RSPM,55.31121538,12,Kerala
368,1,SO2,5.740393234,12,Kerala
368,1,SPM,104.1234413,12,Kerala
369,1,AQI,168.9685551,12,Madhya Pradesh
369,1,NO2,18.38015093,12,Madhya Pradesh
369,1,RSPM,111.591161,12,Madhya Pradesh
369,1,SO2,9.819242896,12,Madhya Pradesh
369,1,SPM,182.6458524,12,Madhya Pradesh
370,1,AQI,159.3459993,12,Maharashtra
370,1,NO2,28.25369862,12,Maharashtra
370,1,RSPM,105.6451571,12,Maharashtra
370,1,SO2,12.82200129,12,Maharashtra
370,1,SPM,159.8049945,12,Maharashtra
371,1,AQI,169.2222222,12,Manipur
371,1,NO2,24.38333333,12,Manipur
371,1,RSPM,111.1666667,12,Manipur
371,1,SO2,3.216666667,12,Manipur
371,1,SPM,203.8333333,12,Manipur
372,1,AQI,112.5926423,12,Meghalaya
372,1,NO2,11.04764228,12,Meghalaya
372,1,RSPM,66.3225,12,Meghalaya
372,1,SO2,4.234857724,12,Meghalaya
372,1,SPM,104.1634451,12,Meghalaya
373,1,AQI,80.77928525,12,Mizoram
373,1,NO2,9.518396938,12,Mizoram
373,1,RSPM,47.84131091,12,Mizoram
373,1,SO2,4.325,12,Mizoram
373,1,SPM,74.53077835,12,Mizoram
374,1,AQI,144.0782915,12,Nagaland
374,1,NO2,10.17011986,12,Nagaland
374,1,RSPM,105.7408676,12,Nagaland
374,1,SO2,4.171232877,12,Nagaland
374,1,SPM,140.8718037,12,Nagaland
375,1,AQI,150.7129711,12,Odisha
375,1,NO2,18.04485225,12,Odisha
375,1,RSPM,101.0862717,12,Odisha
375,1,SO2,5.612800331,12,Odisha
375,1,SPM,155.2029481,12,Odisha
376,1,AQI,92.65564006,12,Puducherry
376,1,NO2,13.20712928,12,Puducherry
376,1,RSPM,57.96609632,12,Puducherry
376,1,SO2,8.696308619,12,Puducherry
376,1,SPM,94.99890684,12,Puducherry
377,1,AQI,175.2296474,12,Punjab
377,1,NO2,26.94319581,12,Punjab
377,1,RSPM,154.1665069,12,Punjab
377,1,SO2,10.21230726,12,Punjab
377,1,SPM,164.6232973,12,Punjab
378,1,AQI,216.4569186,12,Rajasthan
378,1,NO2,29.12361577,12,Rajasthan
378,1,RSPM,132.4951613,12,Rajasthan
378,1,SO2,6.986842553,12,Rajasthan
378,1,SPM,231.9804578,12,Rajasthan
379,1,AQI,112.7654678,12,Tamil Nadu
379,1,NO2,21.48140254,12,Tamil Nadu
379,1,RSPM,67.98307062,12,Tamil Nadu
379,1,SO2,10.23789124,12,Tamil Nadu
379,1,SPM,114.8846552,12,Tamil Nadu
380,1,AQI,96.27414676,12,Telengana
380,1,NO2,22.61467577,12,Telengana
380,1,RSPM,91.6894198,12,Telengana
380,1,SO2,5.429692833,12,Telengana
380,1,SPM,26.2,12,Telengana
381,1,AQI,246.3816765,12,Uttar Pradesh
381,1,NO2,27.83758172,12,Uttar Pradesh
381,1,RSPM,164.4680447,12,Uttar Pradesh
381,1,SO2,11.44832882,12,Uttar Pradesh
381,1,SPM,248.8906597,12,Uttar Pradesh
382,1,AQI,160.1321831,12,Uttarakhand
382,1,NO2,22.91571675,12,Uttarakhand
382,1,RSPM,148.1878814,12,Uttarakhand
382,1,SO2,16.78364421,12,Uttarakhand
382,1,SPM,117.2653569,12,Uttarakhand
383,1,AQI,161.1775308,12,West Bengal
383,1,NO2,42.93798752,12,West Bengal
383,1,RSPM,100.4934932,12,West Bengal
383,1,SO2,8.697406396,12,West Bengal
383,1,SPM,173.018269,12,West Bengal
